driver_race,location,n_searches,n_stops
White drivers,04001,511.0,30573.0
Black drivers,04001,99.0,1285.0
Hispanic drivers,04001,259.0,4876.0
White drivers,04003,1266.0,52351.0
Black drivers,04003,268.0,5652.0
Hispanic drivers,04003,1700.0,45711.0
White drivers,04005,1917.0,82996.0
Black drivers,04005,387.0,5700.0
Hispanic drivers,04005,939.0,15466.0
White drivers,04007,734.0,52369.0
Black drivers,04007,41.0,1105.0
Hispanic drivers,04007,273.0,7226.0
White drivers,04009,776.0,19586.0
Black drivers,04009,48.0,603.0
Hispanic drivers,04009,502.0,6960.0
White drivers,04011,76.0,3539.0
Black drivers,04011,6.0,121.0
Hispanic drivers,04011,34.0,1540.0
White drivers,04012,633.0,30884.0
Black drivers,04012,166.0,3476.0
Hispanic drivers,04012,499.0,13741.0
White drivers,04013,17893.0,449118.0
Black drivers,04013,4780.0,58525.0
Hispanic drivers,04013,16311.0,162035.0
White drivers,04015,2733.0,72748.0
Black drivers,04015,492.0,5824.0
Hispanic drivers,04015,1004.0,14716.0
White drivers,04017,2009.0,62603.0
Black drivers,04017,346.0,3363.0
Hispanic drivers,04017,822.0,10099.0
White drivers,04019,3247.0,95274.0
Black drivers,04019,716.0,10216.0
Hispanic drivers,04019,6169.0,75483.0
White drivers,04021,2507.0,94059.0
Black drivers,04021,636.0,9362.0
Hispanic drivers,04021,4644.0,57405.0
White drivers,04023,127.0,6506.0
Black drivers,04023,13.0,480.0
Hispanic drivers,04023,1156.0,29459.0
White drivers,04025,3076.0,113271.0
Black drivers,04025,444.0,6876.0
Hispanic drivers,04025,1714.0,22411.0
White drivers,04027,549.0,38998.0
Black drivers,04027,85.0,3576.0
Hispanic drivers,04027,716.0,32571.0
White drivers,06001,9499.0,422186.0
Black drivers,06001,14384.0,213790.0
Hispanic drivers,06001,15325.0,300762.0
White drivers,06003,1489.0,51706.0
Black drivers,06003,56.0,1245.0
Hispanic drivers,06003,268.0,6044.0
White drivers,06005,879.0,47604.0
Black drivers,06005,49.0,1518.0
Hispanic drivers,06005,283.0,5690.0
White drivers,06007,4437.0,124749.0
Black drivers,06007,239.0,4652.0
Hispanic drivers,06007,825.0,17077.0
White drivers,06009,1469.0,54839.0
Black drivers,06009,32.0,983.0
Hispanic drivers,06009,188.0,4436.0
White drivers,06011,887.0,47599.0
Black drivers,06011,114.0,3004.0
Hispanic drivers,06011,583.0,14697.0
White drivers,06013,3269.0,124302.0
Black drivers,06013,2357.0,54315.0
Hispanic drivers,06013,2892.0,55515.0
White drivers,06015,1061.0,42506.0
Black drivers,06015,13.0,508.0
Hispanic drivers,06015,146.0,2953.0
White drivers,06017,3469.0,97416.0
Black drivers,06017,110.0,2545.0
Hispanic drivers,06017,465.0,7802.0
White drivers,06019,4729.0,150985.0
Black drivers,06019,1318.0,23160.0
Hispanic drivers,06019,17429.0,215041.0
White drivers,06021,828.0,52204.0
Black drivers,06021,82.0,2514.0
Hispanic drivers,06021,567.0,13255.0
White drivers,06023,4363.0,75936.0
Black drivers,06023,153.0,2271.0
Hispanic drivers,06023,456.0,4942.0
White drivers,06025,1083.0,100234.0
Black drivers,06025,270.0,13849.0
Hispanic drivers,06025,4243.0,251758.0
White drivers,06027,1208.0,60732.0
Black drivers,06027,53.0,1872.0
Hispanic drivers,06027,391.0,11291.0
White drivers,06029,9810.0,392138.0
Black drivers,06029,2411.0,68805.0
Hispanic drivers,06029,15957.0,409070.0
White drivers,06031,1073.0,47596.0
Black drivers,06031,294.0,6427.0
Hispanic drivers,06031,2778.0,55431.0
White drivers,06033,2277.0,44830.0
Black drivers,06033,113.0,1642.0
Hispanic drivers,06033,582.0,6822.0
White drivers,06035,1267.0,72727.0
Black drivers,06035,57.0,1928.0
Hispanic drivers,06035,142.0,5049.0
White drivers,06037,24606.0,1125904.0
Black drivers,06037,19463.0,510436.0
Hispanic drivers,06037,84870.0,1850224.0
White drivers,06039,2427.0,63968.0
Black drivers,06039,205.0,4418.0
Hispanic drivers,06039,3263.0,48177.0
White drivers,06041,3853.0,172596.0
Black drivers,06041,577.0,13295.0
Hispanic drivers,06041,2275.0,33811.0
White drivers,06043,347.0,24354.0
Black drivers,06043,15.0,381.0
Hispanic drivers,06043,79.0,2826.0
White drivers,06045,5920.0,145147.0
Black drivers,06045,305.0,4551.0
Hispanic drivers,06045,1547.0,22135.0
White drivers,06047,2069.0,115370.0
Black drivers,06047,593.0,17158.0
Hispanic drivers,06047,7898.0,133097.0
White drivers,06049,347.0,25053.0
Black drivers,06049,17.0,387.0
Hispanic drivers,06049,50.0,1921.0
White drivers,06051,704.0,51249.0
Black drivers,06051,37.0,1406.0
Hispanic drivers,06051,191.0,8543.0
White drivers,06053,3200.0,147705.0
Black drivers,06053,435.0,11924.0
Hispanic drivers,06053,8700.0,138807.0
White drivers,06055,2519.0,77951.0
Black drivers,06055,159.0,4039.0
Hispanic drivers,06055,2317.0,28997.0
White drivers,06057,2534.0,102697.0
Black drivers,06057,124.0,4558.0
Hispanic drivers,06057,247.0,10640.0
White drivers,06059,10640.0,483711.0
Black drivers,06059,1754.0,53711.0
Hispanic drivers,06059,16748.0,327358.0
White drivers,06061,1960.0,95045.0
Black drivers,06061,160.0,4356.0
Hispanic drivers,06061,486.0,10616.0
White drivers,06063,1322.0,41826.0
Black drivers,06063,46.0,1083.0
Hispanic drivers,06063,117.0,2486.0
White drivers,06065,7547.0,295735.0
Black drivers,06065,2617.0,79658.0
Hispanic drivers,06065,14529.0,349281.0
White drivers,06067,15470.0,435175.0
Black drivers,06067,7469.0,116018.0
Hispanic drivers,06067,8966.0,131852.0
White drivers,06069,1728.0,112449.0
Black drivers,06069,220.0,12807.0
Hispanic drivers,06069,4445.0,141739.0
White drivers,06071,13295.0,576327.0
Black drivers,06071,4824.0,141369.0
Hispanic drivers,06071,19123.0,480763.0
White drivers,06073,21856.0,767921.0
Black drivers,06073,4835.0,122669.0
Hispanic drivers,06073,25983.0,764759.0
White drivers,06075,3434.0,125730.0
Black drivers,06075,2175.0,39766.0
Hispanic drivers,06075,3028.0,47427.0
White drivers,06077,6718.0,161584.0
Black drivers,06077,2878.0,40081.0
Hispanic drivers,06077,10302.0,121935.0
White drivers,06079,4166.0,144639.0
Black drivers,06079,208.0,5243.0
Hispanic drivers,06079,3327.0,47779.0
White drivers,06081,3119.0,151706.0
Black drivers,06081,732.0,18035.0
Hispanic drivers,06081,4324.0,69032.0
White drivers,06085,3162.0,174447.0
Black drivers,06085,767.0,23627.0
Hispanic drivers,06085,6573.0,134840.0
White drivers,06087,5028.0,137506.0
Black drivers,06087,240.0,4437.0
Hispanic drivers,06087,3997.0,51613.0
White drivers,06089,5215.0,187464.0
Black drivers,06089,158.0,4604.0
Hispanic drivers,06089,999.0,22749.0
White drivers,06091,1854.0,99533.0
Black drivers,06091,165.0,6047.0
Hispanic drivers,06091,555.0,17683.0
White drivers,06095,3256.0,179981.0
Black drivers,06095,2791.0,58600.0
Hispanic drivers,06095,3088.0,84844.0
White drivers,06097,6231.0,194590.0
Black drivers,06097,539.0,9554.0
Hispanic drivers,06097,4257.0,54559.0
White drivers,06099,3837.0,97450.0
Black drivers,06099,596.0,10591.0
Hispanic drivers,06099,6630.0,82505.0
White drivers,06101,2428.0,77398.0
Black drivers,06101,272.0,6297.0
Hispanic drivers,06101,1178.0,22214.0
White drivers,06103,1852.0,95255.0
Black drivers,06103,83.0,6197.0
Hispanic drivers,06103,725.0,35551.0
White drivers,06105,1208.0,29698.0
Black drivers,06105,72.0,433.0
Hispanic drivers,06105,90.0,1058.0
White drivers,06107,3125.0,97580.0
Black drivers,06107,366.0,7295.0
Hispanic drivers,06107,14936.0,175151.0
White drivers,06109,2806.0,64972.0
Black drivers,06109,41.0,932.0
Hispanic drivers,06109,394.0,7702.0
White drivers,06113,1204.0,56354.0
Black drivers,06113,368.0,8841.0
Hispanic drivers,06113,1196.0,21363.0
White drivers,08001,175.0,69036.0
Black drivers,08001,18.0,3959.0
Hispanic drivers,08001,92.0,29580.0
White drivers,08003,54.0,14764.0
Black drivers,08003,7.0,402.0
Hispanic drivers,08003,73.0,7994.0
White drivers,08005,114.0,43178.0
Black drivers,08005,40.0,7410.0
Hispanic drivers,08005,34.0,8055.0
White drivers,08007,30.0,18361.0
Black drivers,08007,0.0,124.0
Hispanic drivers,08007,9.0,1769.0
White drivers,08009,7.0,4935.0
Black drivers,08009,1.0,393.0
Hispanic drivers,08009,0.0,1270.0
White drivers,08011,2.0,4380.0
Black drivers,08011,0.0,156.0
Hispanic drivers,08011,3.0,1276.0
White drivers,08013,84.0,48315.0
Black drivers,08013,2.0,999.0
Hispanic drivers,08013,25.0,5574.0
White drivers,08014,6.0,2121.0
Black drivers,08014,0.0,56.0
Hispanic drivers,08014,0.0,285.0
White drivers,08015,42.0,25675.0
Black drivers,08015,1.0,254.0
Hispanic drivers,08015,11.0,1614.0
White drivers,08017,0.0,1984.0
Black drivers,08017,0.0,94.0
Hispanic drivers,08017,1.0,412.0
White drivers,08019,160.0,29673.0
Black drivers,08019,2.0,877.0
Hispanic drivers,08019,47.0,2833.0
White drivers,08021,16.0,6141.0
Black drivers,08021,0.0,92.0
Hispanic drivers,08021,26.0,4813.0
White drivers,08023,16.0,7165.0
Black drivers,08023,3.0,196.0
Hispanic drivers,08023,13.0,3195.0
White drivers,08025,2.0,2151.0
Black drivers,08025,0.0,45.0
Hispanic drivers,08025,0.0,532.0
White drivers,08029,76.0,24893.0
Black drivers,08029,1.0,198.0
Hispanic drivers,08029,12.0,3070.0
White drivers,08031,4.0,1600.0
Black drivers,08031,0.0,272.0
Hispanic drivers,08031,11.0,732.0
White drivers,08033,2.0,2162.0
Black drivers,08033,0.0,42.0
Hispanic drivers,08033,1.0,208.0
White drivers,08035,48.0,47031.0
Black drivers,08035,14.0,2684.0
Hispanic drivers,08035,10.0,5440.0
White drivers,08037,163.0,44341.0
Black drivers,08037,18.0,1413.0
Hispanic drivers,08037,51.0,9918.0
White drivers,08039,23.0,7121.0
Black drivers,08039,4.0,518.0
Hispanic drivers,08039,5.0,715.0
White drivers,08041,222.0,109426.0
Black drivers,08041,54.0,11943.0
Hispanic drivers,08041,64.0,11842.0
White drivers,08043,39.0,21770.0
Black drivers,08043,0.0,469.0
Hispanic drivers,08043,1.0,1712.0
White drivers,08045,110.0,38016.0
Black drivers,08045,18.0,822.0
Hispanic drivers,08045,39.0,9804.0
White drivers,08047,24.0,6061.0
Black drivers,08047,4.0,382.0
Hispanic drivers,08047,11.0,1390.0
White drivers,08049,38.0,19377.0
Black drivers,08049,0.0,230.0
Hispanic drivers,08049,5.0,1153.0
White drivers,08051,35.0,19244.0
Black drivers,08051,1.0,165.0
Hispanic drivers,08051,4.0,841.0
White drivers,08055,61.0,14018.0
Black drivers,08055,9.0,713.0
Hispanic drivers,08055,38.0,5356.0
White drivers,08057,2.0,2025.0
Black drivers,08057,0.0,31.0
Hispanic drivers,08057,0.0,158.0
White drivers,08059,277.0,110478.0
Black drivers,08059,24.0,3260.0
Hispanic drivers,08059,76.0,11853.0
White drivers,08061,3.0,4749.0
Black drivers,08061,0.0,333.0
Hispanic drivers,08061,0.0,1111.0
White drivers,08063,32.0,8621.0
Black drivers,08063,2.0,717.0
Hispanic drivers,08063,8.0,1042.0
White drivers,08065,15.0,3167.0
Black drivers,08065,0.0,36.0
Hispanic drivers,08065,0.0,888.0
White drivers,08067,114.0,38423.0
Black drivers,08067,4.0,338.0
Hispanic drivers,08067,14.0,3445.0
White drivers,08069,240.0,68063.0
Black drivers,08069,14.0,1802.0
Hispanic drivers,08069,66.0,7801.0
White drivers,08071,32.0,22001.0
Black drivers,08071,3.0,932.0
Hispanic drivers,08071,34.0,7313.0
White drivers,08073,78.0,10495.0
Black drivers,08073,19.0,924.0
Hispanic drivers,08073,40.0,1441.0
White drivers,08075,89.0,24449.0
Black drivers,08075,16.0,1272.0
Hispanic drivers,08075,50.0,2838.0
White drivers,08077,205.0,71071.0
Black drivers,08077,26.0,1288.0
Hispanic drivers,08077,129.0,8034.0
White drivers,08079,12.0,12412.0
Black drivers,08079,0.0,276.0
Hispanic drivers,08079,3.0,911.0
White drivers,08081,103.0,15247.0
Black drivers,08081,2.0,87.0
Hispanic drivers,08081,20.0,1008.0
White drivers,08083,45.0,13719.0
Black drivers,08083,4.0,251.0
Hispanic drivers,08083,13.0,1505.0
White drivers,08085,106.0,26037.0
Black drivers,08085,1.0,200.0
Hispanic drivers,08085,29.0,3803.0
White drivers,08087,180.0,21424.0
Black drivers,08087,44.0,1330.0
Hispanic drivers,08087,64.0,5586.0
White drivers,08089,6.0,14083.0
Black drivers,08089,0.0,400.0
Hispanic drivers,08089,9.0,6098.0
White drivers,08091,13.0,10623.0
Black drivers,08091,0.0,60.0
Hispanic drivers,08091,3.0,745.0
White drivers,08093,62.0,30804.0
Black drivers,08093,2.0,364.0
Hispanic drivers,08093,2.0,899.0
White drivers,08095,2.0,1058.0
Black drivers,08095,0.0,7.0
Hispanic drivers,08095,0.0,234.0
White drivers,08097,6.0,2922.0
Black drivers,08097,0.0,32.0
Hispanic drivers,08097,0.0,640.0
White drivers,08099,10.0,14962.0
Black drivers,08099,4.0,907.0
Hispanic drivers,08099,15.0,4494.0
White drivers,08101,129.0,43197.0
Black drivers,08101,18.0,1857.0
Hispanic drivers,08101,164.0,15967.0
White drivers,08103,53.0,9011.0
Black drivers,08103,0.0,86.0
Hispanic drivers,08103,1.0,580.0
White drivers,08105,17.0,14163.0
Black drivers,08105,1.0,230.0
Hispanic drivers,08105,18.0,4842.0
White drivers,08107,76.0,24607.0
Black drivers,08107,1.0,268.0
Hispanic drivers,08107,12.0,1431.0
White drivers,08109,7.0,6509.0
Black drivers,08109,0.0,104.0
Hispanic drivers,08109,4.0,1152.0
White drivers,08113,3.0,2803.0
Black drivers,08113,0.0,22.0
Hispanic drivers,08113,0.0,215.0
White drivers,08115,4.0,2244.0
Black drivers,08115,0.0,117.0
Hispanic drivers,08115,1.0,242.0
White drivers,08117,61.0,26796.0
Black drivers,08117,8.0,1001.0
Hispanic drivers,08117,30.0,3218.0
White drivers,08119,47.0,9369.0
Black drivers,08119,2.0,302.0
Hispanic drivers,08119,2.0,602.0
White drivers,08121,13.0,10415.0
Black drivers,08121,3.0,214.0
Hispanic drivers,08121,3.0,1324.0
White drivers,08123,459.0,62114.0
Black drivers,08123,36.0,2407.0
Hispanic drivers,08123,186.0,15053.0
White drivers,08125,1.0,7502.0
Black drivers,08125,0.0,59.0
Hispanic drivers,08125,3.0,1110.0
White drivers,09001,367.0,26464.0
Black drivers,09001,245.0,7564.0
Hispanic drivers,09001,151.0,7057.0
White drivers,09003,351.0,26451.0
Black drivers,09003,298.0,7705.0
Hispanic drivers,09003,209.0,4915.0
White drivers,09005,406.0,24298.0
Black drivers,09005,47.0,1288.0
Hispanic drivers,09005,67.0,1689.0
White drivers,09007,200.0,30272.0
Black drivers,09007,75.0,3577.0
Hispanic drivers,09007,33.0,2692.0
White drivers,09009,435.0,33665.0
Black drivers,09009,280.0,8448.0
Hispanic drivers,09009,245.0,7010.0
White drivers,09011,573.0,37626.0
Black drivers,09011,138.0,4543.0
Hispanic drivers,09011,105.0,3271.0
White drivers,09013,452.0,38548.0
Black drivers,09013,90.0,3119.0
Hispanic drivers,09013,96.0,2626.0
White drivers,09015,324.0,24990.0
Black drivers,09015,45.0,1216.0
Hispanic drivers,09015,60.0,1894.0
White drivers,12001,289.0,39586.0
Black drivers,12001,344.0,15825.0
Hispanic drivers,12001,120.0,5715.0
White drivers,12003,19.0,13647.0
Black drivers,12003,17.0,4974.0
Hispanic drivers,12003,4.0,808.0
White drivers,12005,179.0,55650.0
Black drivers,12005,70.0,10489.0
Hispanic drivers,12005,9.0,1856.0
White drivers,12007,2.0,4124.0
Black drivers,12007,2.0,1045.0
Hispanic drivers,12007,1.0,279.0
White drivers,12009,185.0,31067.0
Black drivers,12009,110.0,7113.0
Hispanic drivers,12009,64.0,5937.0
White drivers,12011,366.0,106250.0
Black drivers,12011,421.0,67920.0
Hispanic drivers,12011,321.0,84287.0
White drivers,12013,5.0,3822.0
Black drivers,12013,1.0,729.0
Hispanic drivers,12013,1.0,150.0
White drivers,12015,140.0,19296.0
Black drivers,12015,86.0,3048.0
Hispanic drivers,12015,58.0,5007.0
White drivers,12017,34.0,15890.0
Black drivers,12017,4.0,733.0
Hispanic drivers,12017,2.0,645.0
White drivers,12019,27.0,12858.0
Black drivers,12019,22.0,2601.0
Hispanic drivers,12019,3.0,1253.0
White drivers,12021,371.0,45075.0
Black drivers,12021,313.0,13829.0
Hispanic drivers,12021,364.0,30412.0
White drivers,12023,265.0,32933.0
Black drivers,12023,245.0,13256.0
Hispanic drivers,12023,91.0,4416.0
White drivers,12027,13.0,16861.0
Black drivers,12027,4.0,2921.0
Hispanic drivers,12027,1.0,3896.0
White drivers,12029,8.0,13891.0
Black drivers,12029,0.0,1366.0
Hispanic drivers,12029,0.0,495.0
White drivers,12031,353.0,76547.0
Black drivers,12031,727.0,39386.0
Hispanic drivers,12031,53.0,8915.0
White drivers,12033,80.0,46707.0
Black drivers,12033,53.0,15548.0
Hispanic drivers,12033,7.0,2197.0
White drivers,12035,36.0,10629.0
Black drivers,12035,45.0,3531.0
Hispanic drivers,12035,16.0,2079.0
White drivers,12037,26.0,6949.0
Black drivers,12037,9.0,694.0
Hispanic drivers,12037,0.0,148.0
White drivers,12039,73.0,30694.0
Black drivers,12039,136.0,22819.0
Hispanic drivers,12039,45.0,5330.0
White drivers,12041,18.0,3309.0
Black drivers,12041,3.0,228.0
Hispanic drivers,12041,0.0,132.0
White drivers,12043,13.0,3700.0
Black drivers,12043,11.0,1020.0
Hispanic drivers,12043,15.0,2206.0
White drivers,12045,0.0,1902.0
Black drivers,12045,0.0,256.0
Hispanic drivers,12045,0.0,23.0
White drivers,12047,43.0,12172.0
Black drivers,12047,60.0,6240.0
Hispanic drivers,12047,21.0,1864.0
White drivers,12049,4.0,7327.0
Black drivers,12049,4.0,1108.0
Hispanic drivers,12049,5.0,2717.0
White drivers,12051,20.0,9758.0
Black drivers,12051,13.0,2482.0
Hispanic drivers,12051,17.0,6694.0
White drivers,12053,188.0,46070.0
Black drivers,12053,35.0,3623.0
Hispanic drivers,12053,29.0,4325.0
White drivers,12055,34.0,22346.0
Black drivers,12055,31.0,4905.0
Hispanic drivers,12055,13.0,8002.0
White drivers,12057,375.0,80261.0
Black drivers,12057,228.0,21182.0
Hispanic drivers,12057,194.0,25841.0
White drivers,12059,130.0,11700.0
Black drivers,12059,37.0,2984.0
Hispanic drivers,12059,20.0,1343.0
White drivers,12061,55.0,22421.0
Black drivers,12061,39.0,6867.0
Hispanic drivers,12061,22.0,6984.0
White drivers,12063,128.0,17359.0
Black drivers,12063,74.0,5943.0
Hispanic drivers,12063,51.0,1818.0
White drivers,12065,73.0,13373.0
Black drivers,12065,58.0,6271.0
Hispanic drivers,12065,25.0,1533.0
White drivers,12067,0.0,2526.0
Black drivers,12067,1.0,467.0
Hispanic drivers,12067,0.0,265.0
White drivers,12069,210.0,49486.0
Black drivers,12069,92.0,11537.0
Hispanic drivers,12069,88.0,11799.0
White drivers,12071,454.0,53783.0
Black drivers,12071,219.0,10031.0
Hispanic drivers,12071,262.0,19536.0
White drivers,12073,395.0,63337.0
Black drivers,12073,345.0,36172.0
Hispanic drivers,12073,45.0,6073.0
White drivers,12075,25.0,11817.0
Black drivers,12075,22.0,1734.0
Hispanic drivers,12075,5.0,801.0
White drivers,12077,11.0,3990.0
Black drivers,12077,4.0,1103.0
Hispanic drivers,12077,3.0,230.0
White drivers,12079,107.0,19200.0
Black drivers,12079,116.0,10321.0
Hispanic drivers,12079,57.0,4104.0
White drivers,12081,70.0,33965.0
Black drivers,12081,85.0,7299.0
Hispanic drivers,12081,35.0,8368.0
White drivers,12083,170.0,37436.0
Black drivers,12083,94.0,11024.0
Hispanic drivers,12083,57.0,7238.0
White drivers,12085,68.0,36163.0
Black drivers,12085,37.0,14096.0
Hispanic drivers,12085,44.0,15926.0
White drivers,12086,198.0,51045.0
Black drivers,12086,473.0,55388.0
Hispanic drivers,12086,855.0,228292.0
White drivers,12087,119.0,35315.0
Black drivers,12087,37.0,4082.0
Hispanic drivers,12087,65.0,14799.0
White drivers,12089,333.0,14612.0
Black drivers,12089,50.0,3793.0
Hispanic drivers,12089,21.0,1459.0
White drivers,12091,177.0,35922.0
Black drivers,12091,44.0,5870.0
Hispanic drivers,12091,46.0,2450.0
White drivers,12093,32.0,6294.0
Black drivers,12093,16.0,1677.0
Hispanic drivers,12093,21.0,2967.0
White drivers,12095,427.0,133298.0
Black drivers,12095,347.0,49912.0
Hispanic drivers,12095,306.0,68613.0
White drivers,12097,65.0,50663.0
Black drivers,12097,84.0,17390.0
Hispanic drivers,12097,91.0,41975.0
White drivers,12099,509.0,149525.0
Black drivers,12099,350.0,70484.0
Hispanic drivers,12099,383.0,70312.0
White drivers,12101,414.0,41228.0
Black drivers,12101,48.0,4447.0
Hispanic drivers,12101,79.0,6701.0
White drivers,12103,267.0,44932.0
Black drivers,12103,185.0,9064.0
Hispanic drivers,12103,50.0,5988.0
White drivers,12105,269.0,72514.0
Black drivers,12105,175.0,17656.0
Hispanic drivers,12105,146.0,18377.0
White drivers,12107,106.0,16920.0
Black drivers,12107,108.0,4356.0
Hispanic drivers,12107,15.0,1241.0
White drivers,12109,106.0,23951.0
Black drivers,12109,168.0,6876.0
Hispanic drivers,12109,27.0,3449.0
White drivers,12111,189.0,73922.0
Black drivers,12111,192.0,29620.0
Hispanic drivers,12111,131.0,37992.0
White drivers,12113,59.0,37451.0
Black drivers,12113,8.0,4277.0
Hispanic drivers,12113,12.0,1592.0
White drivers,12115,76.0,40172.0
Black drivers,12115,44.0,4930.0
Hispanic drivers,12115,30.0,7343.0
White drivers,12117,73.0,29127.0
Black drivers,12117,29.0,6727.0
Hispanic drivers,12117,43.0,8172.0
White drivers,12119,201.0,20806.0
Black drivers,12119,127.0,4927.0
Hispanic drivers,12119,93.0,3845.0
White drivers,12121,64.0,11903.0
Black drivers,12121,59.0,4964.0
Hispanic drivers,12121,31.0,1762.0
White drivers,12123,63.0,11370.0
Black drivers,12123,16.0,2027.0
Hispanic drivers,12123,7.0,514.0
White drivers,12125,9.0,4087.0
Black drivers,12125,2.0,926.0
Hispanic drivers,12125,0.0,154.0
White drivers,12127,322.0,37952.0
Black drivers,12127,216.0,9258.0
Hispanic drivers,12127,147.0,7126.0
White drivers,12129,76.0,20202.0
Black drivers,12129,25.0,2997.0
Hispanic drivers,12129,5.0,452.0
White drivers,12131,16.0,10506.0
Black drivers,12131,6.0,1198.0
Hispanic drivers,12131,7.0,643.0
White drivers,12133,100.0,9913.0
Black drivers,12133,49.0,2360.0
Hispanic drivers,12133,35.0,1076.0
White drivers,ILLINOIS STATE POLICE 00,0.0,461.0
Black drivers,ILLINOIS STATE POLICE 00,3.0,171.0
Hispanic drivers,ILLINOIS STATE POLICE 00,1.0,206.0
White drivers,ILLINOIS STATE POLICE 01,454.0,44665.0
Black drivers,ILLINOIS STATE POLICE 01,120.0,3624.0
Hispanic drivers,ILLINOIS STATE POLICE 01,87.0,3842.0
White drivers,ILLINOIS STATE POLICE 02,879.0,43079.0
Black drivers,ILLINOIS STATE POLICE 02,781.0,12458.0
Hispanic drivers,ILLINOIS STATE POLICE 02,1082.0,16031.0
White drivers,ILLINOIS STATE POLICE 03,2190.0,62496.0
Black drivers,ILLINOIS STATE POLICE 03,7804.0,79183.0
Hispanic drivers,ILLINOIS STATE POLICE 03,2852.0,30680.0
White drivers,ILLINOIS STATE POLICE 04,0.0,348.0
Black drivers,ILLINOIS STATE POLICE 04,0.0,98.0
Hispanic drivers,ILLINOIS STATE POLICE 04,0.0,103.0
White drivers,ILLINOIS STATE POLICE 05,1400.0,47722.0
Black drivers,ILLINOIS STATE POLICE 05,737.0,14946.0
Hispanic drivers,ILLINOIS STATE POLICE 05,416.0,8672.0
White drivers,ILLINOIS STATE POLICE 06,932.0,36273.0
Black drivers,ILLINOIS STATE POLICE 06,814.0,9955.0
Hispanic drivers,ILLINOIS STATE POLICE 06,221.0,3630.0
White drivers,ILLINOIS STATE POLICE 07,1002.0,46763.0
Black drivers,ILLINOIS STATE POLICE 07,336.0,5956.0
Hispanic drivers,ILLINOIS STATE POLICE 07,181.0,3212.0
White drivers,ILLINOIS STATE POLICE 08,1082.0,47508.0
Black drivers,ILLINOIS STATE POLICE 08,757.0,9720.0
Hispanic drivers,ILLINOIS STATE POLICE 08,83.0,1817.0
White drivers,ILLINOIS STATE POLICE 09,2035.0,59219.0
Black drivers,ILLINOIS STATE POLICE 09,1269.0,14942.0
Hispanic drivers,ILLINOIS STATE POLICE 09,279.0,3249.0
White drivers,ILLINOIS STATE POLICE 10,1063.0,49673.0
Black drivers,ILLINOIS STATE POLICE 10,851.0,13630.0
Hispanic drivers,ILLINOIS STATE POLICE 10,181.0,2986.0
White drivers,ILLINOIS STATE POLICE 11,1318.0,63510.0
Black drivers,ILLINOIS STATE POLICE 11,1613.0,24164.0
Hispanic drivers,ILLINOIS STATE POLICE 11,342.0,2823.0
White drivers,ILLINOIS STATE POLICE 12,2361.0,62620.0
Black drivers,ILLINOIS STATE POLICE 12,844.0,9380.0
Hispanic drivers,ILLINOIS STATE POLICE 12,226.0,2391.0
White drivers,ILLINOIS STATE POLICE 13,1581.0,62939.0
Black drivers,ILLINOIS STATE POLICE 13,618.0,9039.0
Hispanic drivers,ILLINOIS STATE POLICE 13,166.0,1971.0
White drivers,ILLINOIS STATE POLICE 14,1176.0,30883.0
Black drivers,ILLINOIS STATE POLICE 14,259.0,2366.0
Hispanic drivers,ILLINOIS STATE POLICE 14,82.0,888.0
White drivers,ILLINOIS STATE POLICE 15,2483.0,181762.0
Black drivers,ILLINOIS STATE POLICE 15,2260.0,44716.0
Hispanic drivers,ILLINOIS STATE POLICE 15,1679.0,35306.0
White drivers,ILLINOIS STATE POLICE 16,745.0,40538.0
Black drivers,ILLINOIS STATE POLICE 16,470.0,6445.0
Hispanic drivers,ILLINOIS STATE POLICE 16,231.0,3589.0
White drivers,ILLINOIS STATE POLICE 17,1407.0,35348.0
Black drivers,ILLINOIS STATE POLICE 17,517.0,4954.0
Hispanic drivers,ILLINOIS STATE POLICE 17,294.0,3544.0
White drivers,ILLINOIS STATE POLICE 18,834.0,33718.0
Black drivers,ILLINOIS STATE POLICE 18,334.0,4237.0
Hispanic drivers,ILLINOIS STATE POLICE 18,101.0,1191.0
White drivers,ILLINOIS STATE POLICE 19,911.0,51038.0
Black drivers,ILLINOIS STATE POLICE 19,82.0,2121.0
Hispanic drivers,ILLINOIS STATE POLICE 19,13.0,532.0
White drivers,ILLINOIS STATE POLICE 20,842.0,39302.0
Black drivers,ILLINOIS STATE POLICE 20,165.0,2638.0
Hispanic drivers,ILLINOIS STATE POLICE 20,36.0,917.0
White drivers,ILLINOIS STATE POLICE 21,397.0,26063.0
Black drivers,ILLINOIS STATE POLICE 21,790.0,12930.0
Hispanic drivers,ILLINOIS STATE POLICE 21,174.0,3574.0
White drivers,ILLINOIS STATE POLICE 22,710.0,34828.0
Black drivers,ILLINOIS STATE POLICE 22,299.0,6641.0
Hispanic drivers,ILLINOIS STATE POLICE 22,102.0,1419.0
White drivers,25001,544.0,46202.0
Black drivers,25001,98.0,3074.0
Hispanic drivers,25001,24.0,1152.0
White drivers,25003,458.0,56719.0
Black drivers,25003,92.0,3604.0
Hispanic drivers,25003,19.0,1977.0
White drivers,25005,984.0,77490.0
Black drivers,25005,303.0,11488.0
Hispanic drivers,25005,231.0,8741.0
White drivers,25007,6.0,1193.0
Black drivers,25007,0.0,86.0
Hispanic drivers,25007,0.0,20.0
White drivers,25009,1754.0,118534.0
Black drivers,25009,274.0,9811.0
Hispanic drivers,25009,760.0,20602.0
White drivers,25011,405.0,44771.0
Black drivers,25011,46.0,2013.0
Hispanic drivers,25011,54.0,2219.0
White drivers,25013,1495.0,143180.0
Black drivers,25013,455.0,22392.0
Hispanic drivers,25013,919.0,38420.0
White drivers,25015,367.0,35465.0
Black drivers,25015,44.0,2114.0
Hispanic drivers,25015,72.0,2538.0
White drivers,25017,1747.0,221997.0
Black drivers,25017,351.0,27939.0
Hispanic drivers,25017,481.0,28330.0
White drivers,25019,2.0,2107.0
Black drivers,25019,0.0,271.0
Hispanic drivers,25019,1.0,361.0
White drivers,25021,832.0,93868.0
Black drivers,25021,366.0,25833.0
Hispanic drivers,25021,261.0,11698.0
White drivers,25023,783.0,69260.0
Black drivers,25023,303.0,10613.0
Hispanic drivers,25023,136.0,4384.0
White drivers,25025,1105.0,190648.0
Black drivers,25025,586.0,50360.0
Hispanic drivers,25025,724.0,34251.0
White drivers,25027,3013.0,277303.0
Black drivers,25027,694.0,30981.0
Hispanic drivers,25027,1083.0,37005.0
White drivers,30001,1.0,4626.0
Black drivers,30001,1.0,67.0
Hispanic drivers,30001,0.0,109.0
White drivers,30003,1.0,5389.0
Black drivers,30003,1.0,175.0
Hispanic drivers,30003,0.0,253.0
White drivers,30005,9.0,3717.0
Black drivers,30005,4.0,54.0
Hispanic drivers,30005,1.0,42.0
White drivers,30007,7.0,7910.0
Black drivers,30007,0.0,63.0
Hispanic drivers,30007,0.0,75.0
White drivers,30009,4.0,4822.0
Black drivers,30009,0.0,38.0
Hispanic drivers,30009,0.0,1011.0
White drivers,30013,46.0,37848.0
Black drivers,30013,2.0,682.0
Hispanic drivers,30013,1.0,513.0
White drivers,30015,4.0,5932.0
Black drivers,30015,0.0,54.0
Hispanic drivers,30015,1.0,81.0
White drivers,30017,49.0,18272.0
Black drivers,30017,7.0,299.0
Hispanic drivers,30017,12.0,630.0
White drivers,30019,0.0,1156.0
Black drivers,30019,0.0,9.0
Hispanic drivers,30019,0.0,7.0
White drivers,30021,76.0,15071.0
Black drivers,30021,11.0,306.0
Hispanic drivers,30021,17.0,791.0
White drivers,30023,8.0,13652.0
Black drivers,30023,0.0,193.0
Hispanic drivers,30023,0.0,205.0
White drivers,30025,0.0,647.0
Black drivers,30025,0.0,1.0
Hispanic drivers,30025,0.0,26.0
White drivers,30027,39.0,4881.0
Black drivers,30027,0.0,41.0
Hispanic drivers,30027,3.0,56.0
White drivers,30029,110.0,47444.0
Black drivers,30029,1.0,130.0
Hispanic drivers,30029,1.0,335.0
White drivers,30031,124.0,44375.0
Black drivers,30031,5.0,397.0
Hispanic drivers,30031,18.0,763.0
White drivers,30033,0.0,1354.0
Black drivers,30033,0.0,18.0
Hispanic drivers,30033,0.0,6.0
White drivers,30035,7.0,4822.0
Black drivers,30035,0.0,22.0
Hispanic drivers,30035,0.0,48.0
White drivers,30037,1.0,918.0
Black drivers,30037,0.0,10.0
Hispanic drivers,30037,0.0,19.0
White drivers,30039,3.0,3371.0
Black drivers,30039,0.0,40.0
Hispanic drivers,30039,1.0,69.0
White drivers,30041,13.0,10901.0
Black drivers,30041,7.0,117.0
Hispanic drivers,30041,1.0,113.0
White drivers,30043,28.0,10167.0
Black drivers,30043,2.0,125.0
Hispanic drivers,30043,1.0,156.0
White drivers,30045,19.0,3871.0
Black drivers,30045,1.0,60.0
Hispanic drivers,30045,0.0,53.0
White drivers,30047,189.0,14264.0
Black drivers,30047,2.0,96.0
Hispanic drivers,30047,5.0,147.0
White drivers,30049,58.0,26113.0
Black drivers,30049,0.0,161.0
Hispanic drivers,30049,2.0,303.0
White drivers,30051,0.0,1342.0
Black drivers,30051,0.0,9.0
Hispanic drivers,30051,0.0,19.0
White drivers,30053,13.0,12061.0
Black drivers,30053,0.0,46.0
Hispanic drivers,30053,0.0,116.0
White drivers,30055,1.0,698.0
Black drivers,30055,0.0,9.0
Hispanic drivers,30055,0.0,13.0
White drivers,30057,3.0,4020.0
Black drivers,30057,0.0,24.0
Hispanic drivers,30057,1.0,101.0
White drivers,30059,0.0,1071.0
Black drivers,30059,0.0,2.0
Hispanic drivers,30059,0.0,3.0
White drivers,30061,54.0,10837.0
Black drivers,30061,5.0,250.0
Hispanic drivers,30061,6.0,271.0
White drivers,30063,124.0,36315.0
Black drivers,30063,6.0,356.0
Hispanic drivers,30063,12.0,492.0
White drivers,30065,7.0,2678.0
Black drivers,30065,0.0,13.0
Hispanic drivers,30065,3.0,46.0
White drivers,30067,110.0,12843.0
Black drivers,30067,7.0,138.0
Hispanic drivers,30067,7.0,264.0
White drivers,30071,14.0,2081.0
Black drivers,30071,0.0,20.0
Hispanic drivers,30071,2.0,20.0
White drivers,30073,23.0,5808.0
Black drivers,30073,0.0,65.0
Hispanic drivers,30073,0.0,96.0
White drivers,30075,0.0,1817.0
Black drivers,30075,0.0,64.0
Hispanic drivers,30075,0.0,90.0
White drivers,30077,5.0,15651.0
Black drivers,30077,1.0,219.0
Hispanic drivers,30077,0.0,266.0
White drivers,30079,10.0,1423.0
Black drivers,30079,3.0,36.0
Hispanic drivers,30079,2.0,73.0
White drivers,30081,5.0,18070.0
Black drivers,30081,0.0,71.0
Hispanic drivers,30081,0.0,183.0
White drivers,30083,25.0,9576.0
Black drivers,30083,1.0,179.0
Hispanic drivers,30083,2.0,483.0
White drivers,30085,21.0,6255.0
Black drivers,30085,2.0,121.0
Hispanic drivers,30085,3.0,201.0
White drivers,30087,7.0,9103.0
Black drivers,30087,0.0,136.0
Hispanic drivers,30087,2.0,221.0
White drivers,30089,13.0,7252.0
Black drivers,30089,0.0,22.0
Hispanic drivers,30089,0.0,50.0
White drivers,30091,4.0,2222.0
Black drivers,30091,0.0,24.0
Hispanic drivers,30091,0.0,53.0
White drivers,30093,15.0,13200.0
Black drivers,30093,1.0,145.0
Hispanic drivers,30093,1.0,249.0
White drivers,30095,7.0,7162.0
Black drivers,30095,3.0,111.0
Hispanic drivers,30095,2.0,222.0
White drivers,30097,13.0,2986.0
Black drivers,30097,0.0,69.0
Hispanic drivers,30097,1.0,91.0
White drivers,30099,1.0,1886.0
Black drivers,30099,0.0,13.0
Hispanic drivers,30099,0.0,20.0
White drivers,30101,13.0,4975.0
Black drivers,30101,0.0,49.0
Hispanic drivers,30101,2.0,77.0
White drivers,30103,1.0,1286.0
Black drivers,30103,0.0,27.0
Hispanic drivers,30103,0.0,47.0
White drivers,30105,43.0,4869.0
Black drivers,30105,2.0,60.0
Hispanic drivers,30105,4.0,84.0
White drivers,30107,3.0,1584.0
Black drivers,30107,0.0,30.0
Hispanic drivers,30107,0.0,26.0
White drivers,30109,2.0,885.0
Black drivers,30109,0.0,24.0
Hispanic drivers,30109,0.0,24.0
White drivers,30111,117.0,38052.0
Black drivers,30111,8.0,624.0
Hispanic drivers,30111,13.0,1275.0
White drivers,A1,437.0,59505.0
Black drivers,A1,38.0,5153.0
Hispanic drivers,A1,21.0,1299.0
White drivers,A2,198.0,20637.0
Black drivers,A2,492.0,27383.0
Hispanic drivers,A2,31.0,1085.0
White drivers,A3,74.0,38663.0
Black drivers,A3,69.0,18839.0
Hispanic drivers,A3,8.0,1458.0
White drivers,A4,282.0,59588.0
Black drivers,A4,182.0,23576.0
Hispanic drivers,A4,33.0,5227.0
White drivers,A5,154.0,46182.0
Black drivers,A5,171.0,33704.0
Hispanic drivers,A5,38.0,4585.0
White drivers,A6,140.0,32536.0
Black drivers,A6,71.0,10791.0
Hispanic drivers,A6,13.0,1971.0
White drivers,A7,327.0,26367.0
Black drivers,A7,167.0,13114.0
Hispanic drivers,A7,94.0,3727.0
White drivers,A8,818.0,38347.0
Black drivers,A8,108.0,4925.0
Hispanic drivers,A8,50.0,1575.0
White drivers,A9,0.0,437.0
Black drivers,A9,0.0,247.0
Hispanic drivers,A9,0.0,9.0
White drivers,B1,11.0,11192.0
Black drivers,B1,11.0,9150.0
Hispanic drivers,B1,2.0,1237.0
White drivers,B2,185.0,21947.0
Black drivers,B2,173.0,13557.0
Hispanic drivers,B2,325.0,10450.0
White drivers,B3,452.0,33575.0
Black drivers,B3,150.0,8353.0
Hispanic drivers,B3,65.0,2383.0
White drivers,B4,190.0,47325.0
Black drivers,B4,117.0,19004.0
Hispanic drivers,B4,91.0,10073.0
White drivers,B5,34.0,51871.0
Black drivers,B5,47.0,28985.0
Hispanic drivers,B5,9.0,5275.0
White drivers,B6,221.0,76372.0
Black drivers,B6,56.0,17987.0
Hispanic drivers,B6,20.0,4334.0
White drivers,B7,36.0,24132.0
Black drivers,B7,68.0,20356.0
Hispanic drivers,B7,32.0,7728.0
White drivers,B8,220.0,52036.0
Black drivers,B8,224.0,36175.0
Hispanic drivers,B8,45.0,7660.0
White drivers,C1,221.0,32182.0
Black drivers,C1,415.0,35359.0
Hispanic drivers,C1,64.0,3803.0
White drivers,C2,85.0,17815.0
Black drivers,C2,55.0,10327.0
Hispanic drivers,C2,60.0,5118.0
White drivers,C3,291.0,74289.0
Black drivers,C3,234.0,47620.0
Hispanic drivers,C3,101.0,11947.0
White drivers,C4,38.0,28577.0
Black drivers,C4,65.0,29797.0
Hispanic drivers,C4,8.0,4634.0
White drivers,C5,110.0,17945.0
Black drivers,C5,132.0,15012.0
Hispanic drivers,C5,75.0,4484.0
White drivers,C6,114.0,47286.0
Black drivers,C6,102.0,20186.0
Hispanic drivers,C6,80.0,8006.0
White drivers,C7,173.0,26369.0
Black drivers,C7,301.0,27907.0
Hispanic drivers,C7,154.0,6618.0
White drivers,C8,62.0,23474.0
Black drivers,C8,199.0,27658.0
Hispanic drivers,C8,14.0,1928.0
White drivers,D1,105.0,28138.0
Black drivers,D1,64.0,11878.0
Hispanic drivers,D1,37.0,6001.0
White drivers,D2,501.0,44604.0
Black drivers,D2,511.0,35943.0
Hispanic drivers,D2,155.0,5542.0
White drivers,D3,269.0,30282.0
Black drivers,D3,129.0,10575.0
Hispanic drivers,D3,56.0,2451.0
White drivers,D4,93.0,15349.0
Black drivers,D4,60.0,7670.0
Hispanic drivers,D4,10.0,1054.0
White drivers,D5,176.0,33162.0
Black drivers,D5,77.0,16209.0
Hispanic drivers,D5,57.0,3691.0
White drivers,D6,350.0,55224.0
Black drivers,D6,94.0,15022.0
Hispanic drivers,D6,120.0,7179.0
White drivers,D7,151.0,37769.0
Black drivers,D7,109.0,19533.0
Hispanic drivers,D7,38.0,4972.0
White drivers,E1,367.0,44446.0
Black drivers,E1,161.0,13079.0
Hispanic drivers,E1,97.0,4022.0
White drivers,E2,63.0,30835.0
Black drivers,E2,22.0,9166.0
Hispanic drivers,E2,13.0,3174.0
White drivers,E3,201.0,46589.0
Black drivers,E3,104.0,20639.0
Hispanic drivers,E3,43.0,4427.0
White drivers,E4,399.0,50016.0
Black drivers,E4,171.0,17500.0
Hispanic drivers,E4,86.0,5626.0
White drivers,E5,298.0,57309.0
Black drivers,E5,69.0,7306.0
Hispanic drivers,E5,68.0,5419.0
White drivers,E6,309.0,40269.0
Black drivers,E6,142.0,19194.0
Hispanic drivers,E6,56.0,4179.0
White drivers,E7,194.0,36475.0
Black drivers,E7,61.0,6342.0
Hispanic drivers,E7,40.0,3706.0
White drivers,F1,75.0,41884.0
Black drivers,F1,10.0,4092.0
Hispanic drivers,F1,3.0,2110.0
White drivers,F2,31.0,71734.0
Black drivers,F2,6.0,4425.0
Hispanic drivers,F2,9.0,5792.0
White drivers,F3,109.0,65727.0
Black drivers,F3,14.0,3795.0
Hispanic drivers,F3,12.0,2361.0
White drivers,F4,422.0,84959.0
Black drivers,F4,84.0,16057.0
Hispanic drivers,F4,32.0,6579.0
White drivers,F5,433.0,85722.0
Black drivers,F5,68.0,12644.0
Hispanic drivers,F5,68.0,9177.0
White drivers,G1,36.0,45276.0
Black drivers,G1,4.0,1658.0
Hispanic drivers,G1,2.0,2303.0
White drivers,G2,133.0,50034.0
Black drivers,G2,28.0,6305.0
Hispanic drivers,G2,21.0,2711.0
White drivers,G3,175.0,63204.0
Black drivers,G3,36.0,8177.0
Hispanic drivers,G3,31.0,6480.0
White drivers,G4,327.0,52479.0
Black drivers,G4,56.0,5412.0
Hispanic drivers,G4,50.0,3286.0
White drivers,G5,352.0,53548.0
Black drivers,G5,78.0,5605.0
Hispanic drivers,G5,102.0,3437.0
White drivers,G6,559.0,60208.0
Black drivers,G6,20.0,2095.0
Hispanic drivers,G6,25.0,2638.0
White drivers,H1,343.0,35800.0
Black drivers,H1,185.0,13319.0
Hispanic drivers,H1,35.0,2674.0
White drivers,H2,346.0,21252.0
Black drivers,H2,428.0,14314.0
Hispanic drivers,H2,87.0,1692.0
White drivers,H3,369.0,42451.0
Black drivers,H3,254.0,22571.0
Hispanic drivers,H3,62.0,4524.0
White drivers,H4,256.0,26765.0
Black drivers,H4,164.0,11107.0
Hispanic drivers,H4,47.0,1598.0
White drivers,H5,334.0,64411.0
Black drivers,H5,364.0,50071.0
Hispanic drivers,H5,95.0,9375.0
White drivers,H6,40.0,19760.0
Black drivers,H6,55.0,11112.0
Hispanic drivers,H6,16.0,3058.0
White drivers,39001,307.0,17219.0
Black drivers,39001,8.0,569.0
Hispanic drivers,39001,2.0,88.0
White drivers,39003,1941.0,52831.0
Black drivers,39003,1155.0,12266.0
Hispanic drivers,39003,82.0,977.0
White drivers,39005,1135.0,63468.0
Black drivers,39005,490.0,9857.0
Hispanic drivers,39005,51.0,1269.0
White drivers,39007,1425.0,48232.0
Black drivers,39007,274.0,3561.0
Hispanic drivers,39007,85.0,1357.0
White drivers,39009,1368.0,56084.0
Black drivers,39009,165.0,4031.0
Hispanic drivers,39009,16.0,518.0
White drivers,39011,487.0,49861.0
Black drivers,39011,245.0,5988.0
Hispanic drivers,39011,27.0,756.0
White drivers,39013,1428.0,57247.0
Black drivers,39013,156.0,4270.0
Hispanic drivers,39013,25.0,655.0
White drivers,39015,853.0,40834.0
Black drivers,39015,38.0,1356.0
Hispanic drivers,39015,11.0,249.0
White drivers,39017,3209.0,68337.0
Black drivers,39017,1490.0,15525.0
Hispanic drivers,39017,375.0,2524.0
White drivers,39019,74.0,7427.0
Black drivers,39019,6.0,139.0
Hispanic drivers,39019,1.0,82.0
White drivers,39021,99.0,7283.0
Black drivers,39021,12.0,392.0
Hispanic drivers,39021,2.0,54.0
White drivers,39023,927.0,37591.0
Black drivers,39023,514.0,8964.0
Hispanic drivers,39023,67.0,1012.0
White drivers,39025,2318.0,84290.0
Black drivers,39025,172.0,3731.0
Hispanic drivers,39025,42.0,804.0
White drivers,39027,645.0,43593.0
Black drivers,39027,129.0,6470.0
Hispanic drivers,39027,49.0,1294.0
White drivers,39029,786.0,48859.0
Black drivers,39029,134.0,2478.0
Hispanic drivers,39029,6.0,384.0
White drivers,39031,126.0,9334.0
Black drivers,39031,8.0,350.0
Hispanic drivers,39031,0.0,39.0
White drivers,39033,460.0,38672.0
Black drivers,39033,63.0,2281.0
Hispanic drivers,39033,9.0,415.0
White drivers,39035,3524.0,88524.0
Black drivers,39035,4033.0,44983.0
Hispanic drivers,39035,432.0,5832.0
White drivers,39037,137.0,7629.0
Black drivers,39037,3.0,183.0
Hispanic drivers,39037,0.0,56.0
White drivers,39039,642.0,34575.0
Black drivers,39039,94.0,2592.0
Hispanic drivers,39039,84.0,1793.0
White drivers,39041,1306.0,71038.0
Black drivers,39041,291.0,10270.0
Hispanic drivers,39041,67.0,1689.0
White drivers,39043,1129.0,75465.0
Black drivers,39043,638.0,13486.0
Hispanic drivers,39043,78.0,2770.0
White drivers,39045,1957.0,60402.0
Black drivers,39045,282.0,5279.0
Hispanic drivers,39045,28.0,611.0
White drivers,39047,181.0,12071.0
Black drivers,39047,50.0,1862.0
Hispanic drivers,39047,4.0,256.0
White drivers,39049,6602.0,126407.0
Black drivers,39049,3461.0,48500.0
Hispanic drivers,39049,980.0,6695.0
White drivers,39051,225.0,33383.0
Black drivers,39051,65.0,4086.0
Hispanic drivers,39051,52.0,2294.0
White drivers,39053,1003.0,44139.0
Black drivers,39053,172.0,4273.0
Hispanic drivers,39053,11.0,512.0
White drivers,39055,290.0,23277.0
Black drivers,39055,44.0,1587.0
Hispanic drivers,39055,9.0,218.0
White drivers,39057,1536.0,52105.0
Black drivers,39057,451.0,9777.0
Hispanic drivers,39057,39.0,839.0
White drivers,39059,1327.0,58516.0
Black drivers,39059,326.0,7534.0
Hispanic drivers,39059,68.0,1703.0
White drivers,39061,3631.0,100455.0
Black drivers,39061,2432.0,28350.0
Hispanic drivers,39061,208.0,2459.0
White drivers,39063,1489.0,54247.0
Black drivers,39063,687.0,7583.0
Hispanic drivers,39063,119.0,1664.0
White drivers,39065,188.0,10410.0
Black drivers,39065,21.0,594.0
Hispanic drivers,39065,3.0,138.0
White drivers,39067,222.0,16357.0
Black drivers,39067,26.0,680.0
Hispanic drivers,39067,3.0,233.0
White drivers,39069,110.0,9274.0
Black drivers,39069,5.0,490.0
Hispanic drivers,39069,12.0,483.0
White drivers,39071,514.0,17598.0
Black drivers,39071,30.0,478.0
Hispanic drivers,39071,2.0,51.0
White drivers,39073,264.0,13933.0
Black drivers,39073,42.0,750.0
Hispanic drivers,39073,2.0,98.0
White drivers,39075,93.0,6959.0
Black drivers,39075,2.0,79.0
Hispanic drivers,39075,1.0,39.0
White drivers,39077,556.0,38230.0
Black drivers,39077,49.0,1617.0
Hispanic drivers,39077,46.0,899.0
White drivers,39079,1173.0,56479.0
Black drivers,39079,362.0,5121.0
Hispanic drivers,39079,30.0,798.0
White drivers,39081,1548.0,38115.0
Black drivers,39081,377.0,3297.0
Hispanic drivers,39081,10.0,267.0
White drivers,39083,902.0,29143.0
Black drivers,39083,28.0,686.0
Hispanic drivers,39083,16.0,171.0
White drivers,39085,1554.0,41608.0
Black drivers,39085,394.0,3712.0
Hispanic drivers,39085,128.0,1271.0
White drivers,39087,1555.0,49418.0
Black drivers,39087,140.0,2170.0
Hispanic drivers,39087,14.0,264.0
White drivers,39089,2254.0,68794.0
Black drivers,39089,347.0,7819.0
Hispanic drivers,39089,34.0,1263.0
White drivers,39091,554.0,25593.0
Black drivers,39091,84.0,2217.0
Hispanic drivers,39091,12.0,340.0
White drivers,39093,3744.0,92077.0
Black drivers,39093,2264.0,21801.0
Hispanic drivers,39093,687.0,8705.0
White drivers,39095,4178.0,99894.0
Black drivers,39095,2828.0,29613.0
Hispanic drivers,39095,548.0,5776.0
White drivers,39097,735.0,51066.0
Black drivers,39097,265.0,9387.0
Hispanic drivers,39097,129.0,1914.0
White drivers,39099,2493.0,99283.0
Black drivers,39099,1219.0,20454.0
Hispanic drivers,39099,138.0,2548.0
White drivers,39101,1312.0,58218.0
Black drivers,39101,323.0,5877.0
Hispanic drivers,39101,25.0,831.0
White drivers,39103,930.0,58815.0
Black drivers,39103,391.0,10263.0
Hispanic drivers,39103,72.0,2264.0
White drivers,39105,326.0,25914.0
Black drivers,39105,44.0,2363.0
Hispanic drivers,39105,2.0,294.0
White drivers,39107,479.0,22376.0
Black drivers,39107,13.0,784.0
Hispanic drivers,39107,6.0,262.0
White drivers,39109,815.0,40515.0
Black drivers,39109,314.0,6051.0
Hispanic drivers,39109,29.0,618.0
White drivers,39111,27.0,3465.0
Black drivers,39111,0.0,45.0
Hispanic drivers,39111,1.0,24.0
White drivers,39113,2907.0,63930.0
Black drivers,39113,1708.0,25356.0
Hispanic drivers,39113,120.0,1660.0
White drivers,39115,32.0,2413.0
Black drivers,39115,3.0,66.0
Hispanic drivers,39115,0.0,2.0
White drivers,39117,681.0,41340.0
Black drivers,39117,192.0,5364.0
Hispanic drivers,39117,13.0,678.0
White drivers,39119,1283.0,54980.0
Black drivers,39119,380.0,5515.0
Hispanic drivers,39119,27.0,754.0
White drivers,39121,151.0,8510.0
Black drivers,39121,36.0,609.0
Hispanic drivers,39121,4.0,78.0
White drivers,39123,614.0,22998.0
Black drivers,39123,151.0,2381.0
Hispanic drivers,39123,29.0,664.0
White drivers,39125,290.0,16996.0
Black drivers,39125,40.0,1519.0
Hispanic drivers,39125,24.0,600.0
White drivers,39127,111.0,6045.0
Black drivers,39127,0.0,103.0
Hispanic drivers,39127,0.0,11.0
White drivers,39129,987.0,47883.0
Black drivers,39129,169.0,4244.0
Hispanic drivers,39129,23.0,489.0
White drivers,39131,351.0,19629.0
Black drivers,39131,56.0,898.0
Hispanic drivers,39131,0.0,106.0
White drivers,39133,2710.0,97560.0
Black drivers,39133,713.0,12415.0
Hispanic drivers,39133,56.0,1544.0
White drivers,39135,685.0,24270.0
Black drivers,39135,190.0,3365.0
Hispanic drivers,39135,252.0,1675.0
White drivers,39137,176.0,6007.0
Black drivers,39137,5.0,192.0
Hispanic drivers,39137,7.0,204.0
White drivers,39139,2359.0,72857.0
Black drivers,39139,918.0,11756.0
Hispanic drivers,39139,61.0,1106.0
White drivers,39141,1488.0,53340.0
Black drivers,39141,343.0,3999.0
Hispanic drivers,39141,24.0,386.0
White drivers,39143,1156.0,78702.0
Black drivers,39143,540.0,11749.0
Hispanic drivers,39143,168.0,4349.0
White drivers,39145,2292.0,59266.0
Black drivers,39145,460.0,2788.0
Hispanic drivers,39145,20.0,311.0
White drivers,39147,359.0,16135.0
Black drivers,39147,56.0,855.0
Hispanic drivers,39147,26.0,380.0
White drivers,39149,491.0,23346.0
Black drivers,39149,250.0,3638.0
Hispanic drivers,39149,23.0,373.0
White drivers,39151,2858.0,65138.0
Black drivers,39151,1429.0,11626.0
Hispanic drivers,39151,88.0,907.0
White drivers,39153,2064.0,69227.0
Black drivers,39153,1541.0,18102.0
Hispanic drivers,39153,65.0,1679.0
White drivers,39155,2775.0,93935.0
Black drivers,39155,1391.0,18582.0
Hispanic drivers,39155,102.0,2515.0
White drivers,39157,942.0,52867.0
Black drivers,39157,120.0,3014.0
Hispanic drivers,39157,46.0,791.0
White drivers,39159,635.0,29407.0
Black drivers,39159,90.0,2610.0
Hispanic drivers,39159,19.0,450.0
White drivers,39161,498.0,30268.0
Black drivers,39161,67.0,1903.0
Hispanic drivers,39161,12.0,654.0
White drivers,39163,268.0,14500.0
Black drivers,39163,9.0,299.0
Hispanic drivers,39163,1.0,49.0
White drivers,39165,2397.0,80593.0
Black drivers,39165,756.0,13597.0
Hispanic drivers,39165,161.0,2397.0
White drivers,39167,1096.0,53807.0
Black drivers,39167,201.0,3251.0
Hispanic drivers,39167,29.0,573.0
White drivers,39169,1046.0,57810.0
Black drivers,39169,177.0,4010.0
Hispanic drivers,39169,29.0,955.0
White drivers,39171,397.0,39302.0
Black drivers,39171,53.0,2907.0
Hispanic drivers,39171,50.0,1786.0
White drivers,39173,2003.0,65294.0
Black drivers,39173,1218.0,13732.0
Hispanic drivers,39173,277.0,3022.0
White drivers,39175,368.0,33454.0
Black drivers,39175,158.0,4760.0
Hispanic drivers,39175,12.0,615.0
White drivers,Zone K1,171.0,7345.0
Black drivers,Zone K1,39.0,969.0
Hispanic drivers,Zone K1,25.0,631.0
White drivers,Zone K2,627.0,39535.0
Black drivers,Zone K2,208.0,6988.0
Hispanic drivers,Zone K2,175.0,5915.0
White drivers,Zone K3,1035.0,38197.0
Black drivers,Zone K3,422.0,8058.0
Hispanic drivers,Zone K3,314.0,6476.0
White drivers,Zone X1,58.0,4940.0
Black drivers,Zone X1,13.0,854.0
Hispanic drivers,Zone X1,20.0,1100.0
White drivers,Zone X3,539.0,33520.0
Black drivers,Zone X3,285.0,7291.0
Hispanic drivers,Zone X3,344.0,8075.0
White drivers,Zone X4,1329.0,36271.0
Black drivers,Zone X4,874.0,11820.0
Hispanic drivers,Zone X4,814.0,11706.0
White drivers,45001,162.0,11895.0
Black drivers,45001,196.0,7319.0
Hispanic drivers,45001,2.0,269.0
White drivers,45003,2529.0,69390.0
Black drivers,45003,1701.0,41438.0
Hispanic drivers,45003,466.0,5447.0
White drivers,45005,439.0,5262.0
Black drivers,45005,536.0,8262.0
Hispanic drivers,45005,28.0,210.0
White drivers,45007,3157.0,140741.0
Black drivers,45007,1465.0,42440.0
Hispanic drivers,45007,293.0,5930.0
White drivers,45009,194.0,11248.0
Black drivers,45009,483.0,13630.0
Hispanic drivers,45009,10.0,236.0
White drivers,45011,331.0,14992.0
Black drivers,45011,553.0,14194.0
Hispanic drivers,45011,34.0,369.0
White drivers,45013,1273.0,47626.0
Black drivers,45013,570.0,21766.0
Hispanic drivers,45013,611.0,6537.0
White drivers,45015,1350.0,49169.0
Black drivers,45015,654.0,26711.0
Hispanic drivers,45015,224.0,3815.0
White drivers,45017,171.0,8176.0
Black drivers,45017,248.0,8081.0
Hispanic drivers,45017,40.0,425.0
White drivers,45019,842.0,30330.0
Black drivers,45019,703.0,23913.0
Hispanic drivers,45019,278.0,3206.0
White drivers,45021,1141.0,69320.0
Black drivers,45021,582.0,25731.0
Hispanic drivers,45021,133.0,3043.0
White drivers,45023,673.0,36245.0
Black drivers,45023,615.0,26320.0
Hispanic drivers,45023,84.0,1238.0
White drivers,45025,424.0,24858.0
Black drivers,45025,337.0,13662.0
Hispanic drivers,45025,32.0,798.0
White drivers,45029,294.0,26378.0
Black drivers,45029,257.0,14484.0
Hispanic drivers,45029,57.0,1282.0
White drivers,45031,1243.0,42862.0
Black drivers,45031,1403.0,30266.0
Hispanic drivers,45031,60.0,1068.0
White drivers,45035,1146.0,52578.0
Black drivers,45035,833.0,34084.0
Hispanic drivers,45035,178.0,4667.0
White drivers,45037,294.0,14007.0
Black drivers,45037,398.0,13290.0
Hispanic drivers,45037,68.0,850.0
White drivers,45039,249.0,19697.0
Black drivers,45039,386.0,22707.0
Hispanic drivers,45039,43.0,803.0
White drivers,45041,2157.0,68076.0
Black drivers,45041,2186.0,53941.0
Hispanic drivers,45041,192.0,3158.0
White drivers,45043,989.0,38354.0
Black drivers,45043,511.0,20140.0
Hispanic drivers,45043,71.0,1203.0
White drivers,45045,2613.0,206453.0
Black drivers,45045,1661.0,78152.0
Hispanic drivers,45045,812.0,22947.0
White drivers,45047,1156.0,52198.0
Black drivers,45047,1110.0,34499.0
Hispanic drivers,45047,160.0,2754.0
White drivers,45049,290.0,9324.0
Black drivers,45049,450.0,11457.0
Hispanic drivers,45049,17.0,224.0
White drivers,45051,5257.0,209856.0
Black drivers,45051,1622.0,51430.0
Hispanic drivers,45051,1251.0,9239.0
White drivers,45053,377.0,19220.0
Black drivers,45053,320.0,16412.0
Hispanic drivers,45053,283.0,3426.0
White drivers,45055,665.0,45876.0
Black drivers,45055,566.0,29800.0
Hispanic drivers,45055,104.0,2135.0
White drivers,45057,1129.0,47153.0
Black drivers,45057,605.0,20250.0
Hispanic drivers,45057,110.0,1947.0
White drivers,45059,734.0,55152.0
Black drivers,45059,648.0,27784.0
Hispanic drivers,45059,193.0,2930.0
White drivers,45061,155.0,12086.0
Black drivers,45061,204.0,15317.0
Hispanic drivers,45061,8.0,491.0
White drivers,45063,2422.0,115726.0
Black drivers,45063,1416.0,48172.0
Hispanic drivers,45063,398.0,6340.0
White drivers,45065,53.0,4214.0
Black drivers,45065,88.0,4139.0
Hispanic drivers,45065,0.0,86.0
White drivers,45067,294.0,24023.0
Black drivers,45067,416.0,17529.0
Hispanic drivers,45067,56.0,944.0
White drivers,45069,243.0,13575.0
Black drivers,45069,337.0,10980.0
Hispanic drivers,45069,5.0,306.0
White drivers,45071,579.0,34613.0
Black drivers,45071,576.0,22394.0
Hispanic drivers,45071,139.0,2143.0
White drivers,45073,429.0,54761.0
Black drivers,45073,60.0,6167.0
Hispanic drivers,45073,41.0,2158.0
White drivers,45075,884.0,35444.0
Black drivers,45075,2347.0,67042.0
Hispanic drivers,45075,149.0,1921.0
White drivers,45077,680.0,67796.0
Black drivers,45077,129.0,7311.0
Hispanic drivers,45077,56.0,2538.0
White drivers,45079,1698.0,88686.0
Black drivers,45079,3047.0,108896.0
Hispanic drivers,45079,538.0,6572.0
White drivers,45081,428.0,18187.0
Black drivers,45081,325.0,11683.0
Hispanic drivers,45081,249.0,2979.0
White drivers,45083,1450.0,155846.0
Black drivers,45083,726.0,53430.0
Hispanic drivers,45083,325.0,10371.0
White drivers,45085,913.0,32370.0
Black drivers,45085,2260.0,44119.0
Hispanic drivers,45085,208.0,1430.0
White drivers,45087,218.0,14830.0
Black drivers,45087,185.0,8553.0
Hispanic drivers,45087,8.0,246.0
White drivers,45089,285.0,9800.0
Black drivers,45089,990.0,20260.0
Hispanic drivers,45089,12.0,183.0
White drivers,45091,2337.0,137736.0
Black drivers,45091,1034.0,56307.0
Hispanic drivers,45091,239.0,5976.0
White drivers,48001,417.0,42375.0
Black drivers,48001,160.0,9667.0
Hispanic drivers,48001,107.0,6553.0
White drivers,48003,51.0,6344.0
Black drivers,48003,7.0,406.0
Hispanic drivers,48003,77.0,6898.0
White drivers,48005,456.0,41329.0
Black drivers,48005,170.0,9132.0
Hispanic drivers,48005,133.0,8565.0
White drivers,48007,268.0,11123.0
Black drivers,48007,17.0,455.0
Hispanic drivers,48007,136.0,4474.0
White drivers,48009,335.0,19811.0
Black drivers,48009,53.0,928.0
Hispanic drivers,48009,126.0,3143.0
White drivers,48011,91.0,10127.0
Black drivers,48011,22.0,1070.0
Hispanic drivers,48011,43.0,2554.0
White drivers,48013,187.0,26220.0
Black drivers,48013,15.0,2287.0
Hispanic drivers,48013,587.0,40352.0
White drivers,48015,265.0,20678.0
Black drivers,48015,159.0,4723.0
Hispanic drivers,48015,311.0,9624.0
White drivers,48017,43.0,9113.0
Black drivers,48017,10.0,715.0
Hispanic drivers,48017,68.0,5010.0
White drivers,48019,318.0,18107.0
Black drivers,48019,4.0,267.0
Hispanic drivers,48019,77.0,4542.0
White drivers,48021,788.0,48422.0
Black drivers,48021,250.0,7391.0
Hispanic drivers,48021,511.0,17496.0
White drivers,48023,34.0,6644.0
Black drivers,48023,3.0,463.0
Hispanic drivers,48023,20.0,1140.0
White drivers,48025,55.0,14301.0
Black drivers,48025,14.0,1206.0
Hispanic drivers,48025,147.0,18514.0
White drivers,48027,947.0,70276.0
Black drivers,48027,504.0,24299.0
Hispanic drivers,48027,539.0,24165.0
White drivers,48029,374.0,31729.0
Black drivers,48029,110.0,5431.0
Hispanic drivers,48029,1051.0,45191.0
White drivers,48031,192.0,14042.0
Black drivers,48031,8.0,507.0
Hispanic drivers,48031,92.0,3258.0
White drivers,48035,195.0,19297.0
Black drivers,48035,14.0,839.0
Hispanic drivers,48035,44.0,3096.0
White drivers,48037,2433.0,50654.0
Black drivers,48037,712.0,13799.0
Hispanic drivers,48037,359.0,5356.0
White drivers,48039,1421.0,83450.0
Black drivers,48039,634.0,25277.0
Hispanic drivers,48039,882.0,40812.0
White drivers,48041,905.0,42872.0
Black drivers,48041,422.0,9527.0
Hispanic drivers,48041,398.0,12174.0
White drivers,48043,109.0,10561.0
Black drivers,48043,14.0,336.0
Hispanic drivers,48043,183.0,12359.0
White drivers,48045,3.0,1443.0
Black drivers,48045,2.0,75.0
Hispanic drivers,48045,1.0,415.0
White drivers,48047,57.0,2884.0
Black drivers,48047,21.0,355.0
Hispanic drivers,48047,809.0,21614.0
White drivers,48049,452.0,24711.0
Black drivers,48049,53.0,1481.0
Hispanic drivers,48049,170.0,5400.0
White drivers,48051,480.0,24671.0
Black drivers,48051,155.0,4377.0
Hispanic drivers,48051,176.0,6587.0
White drivers,48053,760.0,36273.0
Black drivers,48053,33.0,1448.0
Hispanic drivers,48053,204.0,7562.0
White drivers,48055,86.0,18971.0
Black drivers,48055,26.0,2990.0
Hispanic drivers,48055,101.0,12479.0
White drivers,48057,83.0,11785.0
Black drivers,48057,20.0,957.0
Hispanic drivers,48057,108.0,9017.0
White drivers,48059,149.0,26400.0
Black drivers,48059,59.0,4369.0
Hispanic drivers,48059,87.0,8454.0
White drivers,48061,95.0,22738.0
Black drivers,48061,21.0,1594.0
Hispanic drivers,48061,901.0,146374.0
White drivers,48063,157.0,9552.0
Black drivers,48063,83.0,2275.0
Hispanic drivers,48063,73.0,2252.0
White drivers,48065,993.0,24159.0
Black drivers,48065,240.0,3230.0
Hispanic drivers,48065,594.0,10615.0
White drivers,48067,630.0,35991.0
Black drivers,48067,261.0,9116.0
Hispanic drivers,48067,163.0,3385.0
White drivers,48069,55.0,8652.0
Black drivers,48069,7.0,323.0
Hispanic drivers,48069,159.0,8194.0
White drivers,48071,747.0,48468.0
Black drivers,48071,1687.0,31770.0
Hispanic drivers,48071,535.0,18733.0
White drivers,48073,534.0,39500.0
Black drivers,48073,169.0,7617.0
Hispanic drivers,48073,123.0,7283.0
White drivers,48075,180.0,14953.0
Black drivers,48075,57.0,1452.0
Hispanic drivers,48075,81.0,3832.0
White drivers,48077,566.0,24832.0
Black drivers,48077,235.0,3758.0
Hispanic drivers,48077,302.0,4891.0
White drivers,48079,1.0,440.0
Black drivers,48079,1.0,40.0
Hispanic drivers,48079,9.0,585.0
White drivers,48081,30.0,2821.0
Black drivers,48081,3.0,154.0
Hispanic drivers,48081,16.0,930.0
White drivers,48083,172.0,10081.0
Black drivers,48083,11.0,704.0
Hispanic drivers,48083,43.0,2321.0
White drivers,48085,576.0,86488.0
Black drivers,48085,251.0,19369.0
Hispanic drivers,48085,215.0,19190.0
White drivers,48087,6.0,2349.0
Black drivers,48087,3.0,153.0
Hispanic drivers,48087,3.0,872.0
White drivers,48089,266.0,29402.0
Black drivers,48089,163.0,6704.0
Hispanic drivers,48089,255.0,13878.0
White drivers,48091,332.0,38066.0
Black drivers,48091,55.0,3257.0
Hispanic drivers,48091,319.0,19081.0
White drivers,48093,105.0,11965.0
Black drivers,48093,13.0,510.0
Hispanic drivers,48093,56.0,3116.0
White drivers,48095,36.0,5666.0
Black drivers,48095,5.0,632.0
Hispanic drivers,48095,43.0,3034.0
White drivers,48097,338.0,45795.0
Black drivers,48097,112.0,5024.0
Hispanic drivers,48097,132.0,8376.0
White drivers,48099,179.0,17375.0
Black drivers,48099,65.0,3430.0
Hispanic drivers,48099,38.0,3512.0
White drivers,48101,16.0,4046.0
Black drivers,48101,5.0,298.0
Hispanic drivers,48101,20.0,1225.0
White drivers,48103,19.0,1828.0
Black drivers,48103,7.0,163.0
Hispanic drivers,48103,25.0,2448.0
White drivers,48105,109.0,13600.0
Black drivers,48105,44.0,2020.0
Hispanic drivers,48105,116.0,14204.0
White drivers,48107,60.0,6014.0
Black drivers,48107,14.0,427.0
Hispanic drivers,48107,73.0,2112.0
White drivers,48109,88.0,10822.0
Black drivers,48109,27.0,2119.0
Hispanic drivers,48109,307.0,20600.0
White drivers,48111,348.0,11990.0
Black drivers,48111,34.0,627.0
Hispanic drivers,48111,112.0,3248.0
White drivers,48113,575.0,46885.0
Black drivers,48113,510.0,23415.0
Hispanic drivers,48113,300.0,16518.0
White drivers,48115,120.0,10005.0
Black drivers,48115,64.0,1707.0
Hispanic drivers,48115,186.0,8854.0
White drivers,48117,69.0,7347.0
Black drivers,48117,9.0,374.0
Hispanic drivers,48117,197.0,8283.0
White drivers,48119,52.0,3445.0
Black drivers,48119,17.0,657.0
Hispanic drivers,48119,4.0,323.0
White drivers,48121,1579.0,73630.0
Black drivers,48121,589.0,14652.0
Hispanic drivers,48121,663.0,20643.0
White drivers,48123,97.0,13414.0
Black drivers,48123,16.0,1237.0
Hispanic drivers,48123,59.0,6549.0
White drivers,48125,46.0,5914.0
Black drivers,48125,9.0,379.0
Hispanic drivers,48125,29.0,1169.0
White drivers,48127,58.0,3798.0
Black drivers,48127,8.0,274.0
Hispanic drivers,48127,267.0,9829.0
White drivers,48129,51.0,20719.0
Black drivers,48129,24.0,1887.0
Hispanic drivers,48129,33.0,4649.0
White drivers,48131,6.0,2515.0
Black drivers,48131,0.0,145.0
Hispanic drivers,48131,54.0,11666.0
White drivers,48133,588.0,36783.0
Black drivers,48133,199.0,4756.0
Hispanic drivers,48133,306.0,10612.0
White drivers,48135,464.0,21365.0
Black drivers,48135,82.0,2025.0
Hispanic drivers,48135,885.0,30793.0
White drivers,48137,3.0,376.0
Black drivers,48137,2.0,9.0
Hispanic drivers,48137,6.0,395.0
White drivers,48139,559.0,27393.0
Black drivers,48139,343.0,8991.0
Hispanic drivers,48139,634.0,13716.0
White drivers,48141,459.0,27303.0
Black drivers,48141,217.0,6679.0
Hispanic drivers,48141,2566.0,134161.0
White drivers,48143,467.0,41130.0
Black drivers,48143,33.0,1293.0
Hispanic drivers,48143,139.0,8339.0
White drivers,48145,148.0,11090.0
Black drivers,48145,78.0,3170.0
Hispanic drivers,48145,63.0,2983.0
White drivers,48147,58.0,16341.0
Black drivers,48147,8.0,1352.0
Hispanic drivers,48147,9.0,1763.0
White drivers,48149,205.0,22854.0
Black drivers,48149,142.0,5097.0
Hispanic drivers,48149,224.0,11269.0
White drivers,48151,86.0,3751.0
Black drivers,48151,12.0,216.0
Hispanic drivers,48151,44.0,1095.0
White drivers,48153,20.0,2377.0
Black drivers,48153,4.0,213.0
Hispanic drivers,48153,43.0,1726.0
White drivers,48155,17.0,815.0
Black drivers,48155,2.0,68.0
Hispanic drivers,48155,4.0,204.0
White drivers,48157,363.0,56294.0
Black drivers,48157,370.0,35771.0
Hispanic drivers,48157,520.0,45004.0
White drivers,48159,218.0,15420.0
Black drivers,48159,111.0,3002.0
Hispanic drivers,48159,94.0,2745.0
White drivers,48161,219.0,22932.0
Black drivers,48161,197.0,7923.0
Hispanic drivers,48161,229.0,7450.0
White drivers,48163,205.0,16188.0
Black drivers,48163,46.0,1917.0
Hispanic drivers,48163,1339.0,41357.0
White drivers,48165,352.0,8999.0
Black drivers,48165,44.0,596.0
Hispanic drivers,48165,418.0,6933.0
White drivers,48167,411.0,42081.0
Black drivers,48167,203.0,14576.0
Hispanic drivers,48167,239.0,19382.0
White drivers,48169,175.0,11242.0
Black drivers,48169,69.0,1537.0
Hispanic drivers,48169,151.0,4203.0
White drivers,48171,248.0,17432.0
Black drivers,48171,13.0,507.0
Hispanic drivers,48171,147.0,4883.0
White drivers,48173,12.0,1994.0
Black drivers,48173,3.0,159.0
Hispanic drivers,48173,7.0,1239.0
White drivers,48175,121.0,5454.0
Black drivers,48175,16.0,582.0
Hispanic drivers,48175,123.0,4417.0
White drivers,48177,324.0,35906.0
Black drivers,48177,139.0,7107.0
Hispanic drivers,48177,548.0,22904.0
White drivers,48179,203.0,17698.0
Black drivers,48179,35.0,998.0
Hispanic drivers,48179,88.0,5414.0
White drivers,48181,473.0,47087.0
Black drivers,48181,106.0,4156.0
Hispanic drivers,48181,118.0,6028.0
White drivers,48183,1098.0,53049.0
Black drivers,48183,1059.0,21400.0
Hispanic drivers,48183,376.0,10929.0
White drivers,48185,481.0,13815.0
Black drivers,48185,298.0,4474.0
Hispanic drivers,48185,241.0,4197.0
White drivers,48187,314.0,45590.0
Black drivers,48187,134.0,6466.0
Hispanic drivers,48187,483.0,28391.0
White drivers,48189,293.0,19385.0
Black drivers,48189,84.0,1827.0
Hispanic drivers,48189,410.0,14737.0
White drivers,48191,20.0,3764.0
Black drivers,48191,4.0,383.0
Hispanic drivers,48191,17.0,1078.0
White drivers,48193,81.0,8956.0
Black drivers,48193,7.0,311.0
Hispanic drivers,48193,16.0,1150.0
White drivers,48195,0.0,2989.0
Black drivers,48195,0.0,44.0
Hispanic drivers,48195,1.0,1621.0
White drivers,48197,60.0,9159.0
Black drivers,48197,14.0,887.0
Hispanic drivers,48197,42.0,2352.0
White drivers,48199,401.0,31454.0
Black drivers,48199,54.0,3346.0
Hispanic drivers,48199,30.0,1811.0
White drivers,48201,918.0,98813.0
Black drivers,48201,1118.0,70922.0
Hispanic drivers,48201,1006.0,90137.0
White drivers,48203,868.0,70533.0
Black drivers,48203,759.0,26585.0
Hispanic drivers,48203,325.0,10098.0
White drivers,48205,631.0,18097.0
Black drivers,48205,47.0,800.0
Hispanic drivers,48205,233.0,5015.0
White drivers,48207,50.0,9813.0
Black drivers,48207,11.0,754.0
Hispanic drivers,48207,38.0,2721.0
White drivers,48209,549.0,44453.0
Black drivers,48209,103.0,4336.0
Hispanic drivers,48209,449.0,25252.0
White drivers,48211,20.0,4899.0
Black drivers,48211,0.0,87.0
Hispanic drivers,48211,16.0,1695.0
White drivers,48213,809.0,42989.0
Black drivers,48213,147.0,5437.0
Hispanic drivers,48213,128.0,6189.0
White drivers,48215,300.0,23936.0
Black drivers,48215,63.0,2323.0
Hispanic drivers,48215,5724.0,384525.0
White drivers,48217,615.0,36461.0
Black drivers,48217,287.0,6622.0
Hispanic drivers,48217,647.0,11934.0
White drivers,48219,236.0,13229.0
Black drivers,48219,54.0,1305.0
Hispanic drivers,48219,317.0,11040.0
White drivers,48221,832.0,53663.0
Black drivers,48221,36.0,1195.0
Hispanic drivers,48221,140.0,7858.0
White drivers,48223,583.0,37959.0
Black drivers,48223,397.0,6989.0
Hispanic drivers,48223,330.0,6819.0
White drivers,48225,183.0,14108.0
Black drivers,48225,94.0,3741.0
Hispanic drivers,48225,50.0,1723.0
White drivers,48227,155.0,16491.0
Black drivers,48227,36.0,1677.0
Hispanic drivers,48227,147.0,8546.0
White drivers,48229,129.0,11704.0
Black drivers,48229,45.0,2573.0
Hispanic drivers,48229,405.0,23077.0
White drivers,48231,799.0,59227.0
Black drivers,48231,395.0,11548.0
Hispanic drivers,48231,294.0,11345.0
White drivers,48233,70.0,12635.0
Black drivers,48233,9.0,380.0
Hispanic drivers,48233,25.0,3753.0
White drivers,48235,49.0,4481.0
Black drivers,48235,3.0,283.0
Hispanic drivers,48235,32.0,2602.0
White drivers,48237,234.0,17002.0
Black drivers,48237,19.0,713.0
Hispanic drivers,48237,55.0,2726.0
White drivers,48239,61.0,6846.0
Black drivers,48239,30.0,1309.0
Hispanic drivers,48239,165.0,7492.0
White drivers,48241,188.0,72335.0
Black drivers,48241,65.0,12884.0
Hispanic drivers,48241,22.0,4744.0
White drivers,48243,24.0,3776.0
Black drivers,48243,2.0,108.0
Hispanic drivers,48243,101.0,5346.0
White drivers,48245,743.0,62396.0
Black drivers,48245,665.0,27323.0
Hispanic drivers,48245,247.0,15399.0
White drivers,48247,20.0,2815.0
Black drivers,48247,3.0,134.0
Hispanic drivers,48247,213.0,17413.0
White drivers,48249,75.0,10267.0
Black drivers,48249,10.0,875.0
Hispanic drivers,48249,404.0,43680.0
White drivers,48251,704.0,56698.0
Black drivers,48251,58.0,4166.0
Hispanic drivers,48251,197.0,13302.0
White drivers,48253,63.0,12891.0
Black drivers,48253,10.0,845.0
Hispanic drivers,48253,29.0,3160.0
White drivers,48255,181.0,12259.0
Black drivers,48255,19.0,1182.0
Hispanic drivers,48255,205.0,11740.0
White drivers,48257,941.0,42180.0
Black drivers,48257,987.0,19512.0
Hispanic drivers,48257,332.0,12533.0
White drivers,48259,196.0,11992.0
Black drivers,48259,16.0,458.0
Hispanic drivers,48259,113.0,4918.0
White drivers,48261,4.0,944.0
Black drivers,48261,0.0,155.0
Hispanic drivers,48261,50.0,3217.0
White drivers,48263,10.0,743.0
Black drivers,48263,2.0,13.0
Hispanic drivers,48263,3.0,136.0
White drivers,48265,411.0,23740.0
Black drivers,48265,69.0,1313.0
Hispanic drivers,48265,240.0,9950.0
White drivers,48267,36.0,7347.0
Black drivers,48267,17.0,1199.0
Hispanic drivers,48267,54.0,6468.0
White drivers,48269,20.0,2381.0
Black drivers,48269,3.0,135.0
Hispanic drivers,48269,6.0,396.0
White drivers,48271,39.0,6318.0
Black drivers,48271,11.0,541.0
Hispanic drivers,48271,209.0,11139.0
White drivers,48273,76.0,7202.0
Black drivers,48273,33.0,1057.0
Hispanic drivers,48273,867.0,32429.0
White drivers,48275,45.0,5242.0
Black drivers,48275,11.0,353.0
Hispanic drivers,48275,32.0,1133.0
White drivers,48277,896.0,29991.0
Black drivers,48277,206.0,3907.0
Hispanic drivers,48277,88.0,2090.0
White drivers,48279,155.0,13666.0
Black drivers,48279,30.0,1383.0
Hispanic drivers,48279,159.0,8371.0
White drivers,48281,254.0,20038.0
Black drivers,48281,36.0,1366.0
Hispanic drivers,48281,56.0,3848.0
White drivers,48283,32.0,9529.0
Black drivers,48283,1.0,908.0
Hispanic drivers,48283,200.0,26194.0
White drivers,48285,35.0,10682.0
Black drivers,48285,7.0,1083.0
Hispanic drivers,48285,14.0,3452.0
White drivers,48287,141.0,16517.0
Black drivers,48287,72.0,2684.0
Hispanic drivers,48287,98.0,4733.0
White drivers,48289,126.0,21335.0
Black drivers,48289,159.0,11504.0
Hispanic drivers,48289,112.0,7747.0
White drivers,48291,551.0,40969.0
Black drivers,48291,499.0,11550.0
Hispanic drivers,48291,191.0,9327.0
White drivers,48293,216.0,14425.0
Black drivers,48293,157.0,4193.0
Hispanic drivers,48293,156.0,3543.0
White drivers,48295,4.0,808.0
Black drivers,48295,0.0,4.0
Hispanic drivers,48295,3.0,286.0
White drivers,48297,46.0,15378.0
Black drivers,48297,11.0,1532.0
Hispanic drivers,48297,178.0,24729.0
White drivers,48299,207.0,14434.0
Black drivers,48299,13.0,399.0
Hispanic drivers,48299,44.0,2404.0
White drivers,48303,1004.0,41964.0
Black drivers,48303,269.0,5e3
Hispanic drivers,48303,1323.0,25364.0
White drivers,48305,73.0,6999.0
Black drivers,48305,34.0,666.0
Hispanic drivers,48305,114.0,4175.0
White drivers,48307,72.0,15907.0
Black drivers,48307,6.0,1065.0
Hispanic drivers,48307,47.0,5459.0
White drivers,48309,1185.0,49101.0
Black drivers,48309,660.0,12275.0
Hispanic drivers,48309,807.0,17325.0
White drivers,48311,37.0,3809.0
Black drivers,48311,3.0,299.0
Hispanic drivers,48311,111.0,4893.0
White drivers,48313,452.0,13052.0
Black drivers,48313,341.0,4307.0
Hispanic drivers,48313,250.0,4139.0
White drivers,48315,288.0,15166.0
Black drivers,48315,112.0,4194.0
Hispanic drivers,48315,39.0,1720.0
White drivers,48317,135.0,8983.0
Black drivers,48317,34.0,1091.0
Hispanic drivers,48317,159.0,6694.0
White drivers,48319,47.0,6655.0
Black drivers,48319,3.0,356.0
Hispanic drivers,48319,46.0,2597.0
White drivers,48321,196.0,14233.0
Black drivers,48321,86.0,3397.0
Hispanic drivers,48321,232.0,9794.0
White drivers,48323,45.0,5825.0
Black drivers,48323,7.0,646.0
Hispanic drivers,48323,770.0,50800.0
White drivers,48325,537.0,32734.0
Black drivers,48325,37.0,1829.0
Hispanic drivers,48325,938.0,40517.0
White drivers,48327,3.0,2270.0
Black drivers,48327,1.0,163.0
Hispanic drivers,48327,8.0,1222.0
White drivers,48329,668.0,27150.0
Black drivers,48329,181.0,3375.0
Hispanic drivers,48329,1021.0,26448.0
White drivers,48331,337.0,19934.0
Black drivers,48331,127.0,4188.0
Hispanic drivers,48331,186.0,5542.0
White drivers,48333,46.0,7459.0
Black drivers,48333,15.0,492.0
Hispanic drivers,48333,22.0,1428.0
White drivers,48335,220.0,12550.0
Black drivers,48335,61.0,1639.0
Hispanic drivers,48335,172.0,6181.0
White drivers,48337,460.0,32588.0
Black drivers,48337,162.0,3394.0
Hispanic drivers,48337,171.0,5518.0
White drivers,48339,4788.0,173902.0
Black drivers,48339,1223.0,28505.0
Hispanic drivers,48339,1724.0,61360.0
White drivers,48341,632.0,18158.0
Black drivers,48341,76.0,1693.0
Hispanic drivers,48341,693.0,14463.0
White drivers,48343,216.0,13162.0
Black drivers,48343,130.0,4274.0
Hispanic drivers,48343,63.0,1553.0
White drivers,48345,6.0,1473.0
Black drivers,48345,2.0,89.0
Hispanic drivers,48345,4.0,354.0
White drivers,48347,262.0,42275.0
Black drivers,48347,205.0,11552.0
Hispanic drivers,48347,171.0,9170.0
White drivers,48349,582.0,26111.0
Black drivers,48349,554.0,9889.0
Hispanic drivers,48349,484.0,9580.0
White drivers,48351,92.0,19320.0
Black drivers,48351,48.0,3452.0
Hispanic drivers,48351,7.0,933.0
White drivers,48353,627.0,27046.0
Black drivers,48353,242.0,3766.0
Hispanic drivers,48353,490.0,11058.0
White drivers,48355,105.0,22996.0
Black drivers,48355,30.0,2443.0
Hispanic drivers,48355,400.0,43128.0
White drivers,48357,24.0,6605.0
Black drivers,48357,2.0,91.0
Hispanic drivers,48357,18.0,3762.0
White drivers,48359,546.0,16162.0
Black drivers,48359,349.0,2932.0
Hispanic drivers,48359,393.0,5766.0
White drivers,48361,606.0,52028.0
Black drivers,48361,199.0,8363.0
Hispanic drivers,48361,98.0,5501.0
White drivers,48363,424.0,30924.0
Black drivers,48363,129.0,3201.0
Hispanic drivers,48363,229.0,8664.0
White drivers,48365,193.0,26015.0
Black drivers,48365,132.0,7600.0
Hispanic drivers,48365,57.0,3585.0
White drivers,48367,1536.0,107334.0
Black drivers,48367,171.0,5450.0
Hispanic drivers,48367,436.0,18298.0
White drivers,48369,38.0,5122.0
Black drivers,48369,6.0,355.0
Hispanic drivers,48369,135.0,6398.0
White drivers,48371,207.0,19426.0
Black drivers,48371,124.0,3036.0
Hispanic drivers,48371,352.0,27229.0
White drivers,48373,412.0,27443.0
Black drivers,48373,200.0,6978.0
Hispanic drivers,48373,127.0,5478.0
White drivers,48375,424.0,30984.0
Black drivers,48375,152.0,3178.0
Hispanic drivers,48375,337.0,12345.0
White drivers,48377,27.0,5807.0
Black drivers,48377,3.0,171.0
Hispanic drivers,48377,123.0,21520.0
White drivers,48379,99.0,12972.0
Black drivers,48379,10.0,504.0
Hispanic drivers,48379,12.0,1030.0
White drivers,48381,299.0,54425.0
Black drivers,48381,35.0,2192.0
Hispanic drivers,48381,179.0,15671.0
White drivers,48383,15.0,4435.0
Black drivers,48383,2.0,348.0
Hispanic drivers,48383,17.0,3720.0
White drivers,48385,35.0,3094.0
Black drivers,48385,0.0,56.0
Hispanic drivers,48385,17.0,1136.0
White drivers,48387,206.0,13200.0
Black drivers,48387,62.0,2332.0
Hispanic drivers,48387,16.0,922.0
White drivers,48389,60.0,5429.0
Black drivers,48389,11.0,869.0
Hispanic drivers,48389,185.0,9316.0
White drivers,48391,154.0,9799.0
Black drivers,48391,81.0,1680.0
Hispanic drivers,48391,628.0,13895.0
White drivers,48393,29.0,3465.0
Black drivers,48393,1.0,77.0
Hispanic drivers,48393,14.0,1302.0
White drivers,48395,262.0,16487.0
Black drivers,48395,134.0,3986.0
Hispanic drivers,48395,124.0,3698.0
White drivers,48397,229.0,14819.0
Black drivers,48397,110.0,3088.0
Hispanic drivers,48397,94.0,4441.0
White drivers,48399,80.0,7750.0
Black drivers,48399,12.0,455.0
Hispanic drivers,48399,53.0,2666.0
White drivers,48401,584.0,38866.0
Black drivers,48401,322.0,11812.0
Hispanic drivers,48401,225.0,7697.0
White drivers,48403,47.0,9904.0
Black drivers,48403,4.0,1487.0
Hispanic drivers,48403,2.0,476.0
White drivers,48405,51.0,5539.0
Black drivers,48405,20.0,1405.0
Hispanic drivers,48405,5.0,413.0
White drivers,48407,192.0,39778.0
Black drivers,48407,209.0,9734.0
Hispanic drivers,48407,76.0,6796.0
White drivers,48409,117.0,28140.0
Black drivers,48409,26.0,2828.0
Hispanic drivers,48409,396.0,39690.0
White drivers,48411,80.0,3309.0
Black drivers,48411,6.0,155.0
Hispanic drivers,48411,33.0,839.0
White drivers,48413,14.0,2468.0
Black drivers,48413,1.0,145.0
Hispanic drivers,48413,21.0,2284.0
White drivers,48415,512.0,17706.0
Black drivers,48415,74.0,1693.0
Hispanic drivers,48415,389.0,6763.0
White drivers,48417,41.0,7193.0
Black drivers,48417,3.0,228.0
Hispanic drivers,48417,11.0,1113.0
White drivers,48419,281.0,23182.0
Black drivers,48419,171.0,7016.0
Hispanic drivers,48419,131.0,4547.0
White drivers,48421,32.0,5469.0
Black drivers,48421,11.0,474.0
Hispanic drivers,48421,62.0,3038.0
White drivers,48423,1762.0,97055.0
Black drivers,48423,1265.0,32389.0
Hispanic drivers,48423,701.0,19354.0
White drivers,48425,48.0,13315.0
Black drivers,48425,5.0,375.0
Hispanic drivers,48425,21.0,2061.0
White drivers,48427,166.0,10034.0
Black drivers,48427,35.0,896.0
Hispanic drivers,48427,4054.0,198034.0
White drivers,48429,44.0,9425.0
Black drivers,48429,3.0,218.0
Hispanic drivers,48429,14.0,1560.0
White drivers,48431,41.0,4230.0
Black drivers,48431,6.0,328.0
Hispanic drivers,48431,42.0,2382.0
White drivers,48433,22.0,5722.0
Black drivers,48433,3.0,214.0
Hispanic drivers,48433,7.0,1187.0
White drivers,48435,104.0,11335.0
Black drivers,48435,29.0,2124.0
Hispanic drivers,48435,118.0,13348.0
White drivers,48437,30.0,10612.0
Black drivers,48437,12.0,939.0
Hispanic drivers,48437,45.0,4564.0
White drivers,48439,282.0,24152.0
Black drivers,48439,161.0,5895.0
Hispanic drivers,48439,204.0,7337.0
White drivers,48441,297.0,44377.0
Black drivers,48441,61.0,4134.0
Hispanic drivers,48441,125.0,11564.0
White drivers,48443,3.0,411.0
Black drivers,48443,5.0,20.0
Hispanic drivers,48443,10.0,579.0
White drivers,48445,122.0,8266.0
Black drivers,48445,39.0,687.0
Hispanic drivers,48445,195.0,7076.0
White drivers,48447,27.0,2180.0
Black drivers,48447,1.0,46.0
Hispanic drivers,48447,6.0,314.0
White drivers,48449,423.0,34113.0
Black drivers,48449,234.0,8776.0
Hispanic drivers,48449,213.0,9417.0
White drivers,48451,592.0,38748.0
Black drivers,48451,84.0,2778.0
Hispanic drivers,48451,541.0,18887.0
White drivers,48453,1065.0,91097.0
Black drivers,48453,444.0,14607.0
Hispanic drivers,48453,1138.0,40999.0
White drivers,48455,176.0,7109.0
Black drivers,48455,51.0,1072.0
Hispanic drivers,48455,15.0,637.0
White drivers,48457,238.0,23232.0
Black drivers,48457,58.0,3853.0
Hispanic drivers,48457,24.0,1665.0
White drivers,48459,395.0,37591.0
Black drivers,48459,102.0,5764.0
Hispanic drivers,48459,89.0,4305.0
White drivers,48461,29.0,3155.0
Black drivers,48461,2.0,231.0
Hispanic drivers,48461,48.0,2956.0
White drivers,48463,101.0,10922.0
Black drivers,48463,10.0,411.0
Hispanic drivers,48463,272.0,14357.0
White drivers,48465,58.0,8166.0
Black drivers,48465,8.0,534.0
Hispanic drivers,48465,335.0,20307.0
White drivers,48467,1006.0,52314.0
Black drivers,48467,735.0,13167.0
Hispanic drivers,48467,379.0,7922.0
White drivers,48469,183.0,25530.0
Black drivers,48469,46.0,3615.0
Hispanic drivers,48469,765.0,27123.0
White drivers,48471,623.0,42297.0
Black drivers,48471,548.0,15329.0
Hispanic drivers,48471,304.0,11661.0
White drivers,48473,824.0,21736.0
Black drivers,48473,665.0,10145.0
Hispanic drivers,48473,665.0,12310.0
White drivers,48475,56.0,8016.0
Black drivers,48475,9.0,1109.0
Hispanic drivers,48475,131.0,11285.0
White drivers,48477,420.0,13494.0
Black drivers,48477,182.0,3549.0
Hispanic drivers,48477,213.0,3817.0
White drivers,48479,111.0,11327.0
Black drivers,48479,18.0,1009.0
Hispanic drivers,48479,1513.0,106371.0
White drivers,48481,164.0,14578.0
Black drivers,48481,156.0,5138.0
Hispanic drivers,48481,959.0,20888.0
White drivers,48483,87.0,12285.0
Black drivers,48483,37.0,1033.0
Hispanic drivers,48483,77.0,3141.0
White drivers,48485,699.0,33619.0
Black drivers,48485,167.0,3455.0
Hispanic drivers,48485,240.0,5953.0
White drivers,48487,121.0,23934.0
Black drivers,48487,50.0,2560.0
Hispanic drivers,48487,72.0,6293.0
White drivers,48489,124.0,6710.0
Black drivers,48489,37.0,907.0
Hispanic drivers,48489,1783.0,39464.0
White drivers,48491,1163.0,91271.0
Black drivers,48491,344.0,15514.0
Hispanic drivers,48491,818.0,35551.0
White drivers,48493,158.0,22127.0
Black drivers,48493,15.0,1456.0
Hispanic drivers,48493,127.0,15142.0
White drivers,48495,18.0,1766.0
Black drivers,48495,0.0,148.0
Hispanic drivers,48495,23.0,1956.0
White drivers,48497,1258.0,87170.0
Black drivers,48497,239.0,6218.0
Hispanic drivers,48497,444.0,17641.0
White drivers,48499,254.0,37664.0
Black drivers,48499,34.0,2508.0
Hispanic drivers,48499,38.0,3310.0
White drivers,48501,45.0,3221.0
Black drivers,48501,7.0,124.0
Hispanic drivers,48501,84.0,3112.0
White drivers,48503,251.0,23552.0
Black drivers,48503,16.0,712.0
Hispanic drivers,48503,49.0,3057.0
White drivers,48505,9.0,1299.0
Black drivers,48505,2.0,77.0
Hispanic drivers,48505,206.0,16403.0
White drivers,48507,47.0,3174.0
Black drivers,48507,8.0,305.0
Hispanic drivers,48507,317.0,12020.0
White drivers,50001,303.0,20287.0
Black drivers,50001,15.0,315.0
Hispanic drivers,50001,0.0,168.0
White drivers,50003,280.0,19870.0
Black drivers,50003,31.0,372.0
Hispanic drivers,50003,2.0,181.0
White drivers,50005,74.0,14226.0
Black drivers,50005,1.0,174.0
Hispanic drivers,50005,0.0,95.0
White drivers,50007,245.0,22579.0
Black drivers,50007,19.0,625.0
Hispanic drivers,50007,7.0,240.0
White drivers,50009,4.0,1100.0
Black drivers,50009,0.0,5.0
Hispanic drivers,50009,0.0,2.0
White drivers,50011,199.0,17609.0
Black drivers,50011,7.0,282.0
Hispanic drivers,50011,1.0,95.0
White drivers,50015,223.0,8236.0
Black drivers,50015,7.0,85.0
Hispanic drivers,50015,1.0,37.0
White drivers,50017,153.0,22342.0
Black drivers,50017,11.0,398.0
Hispanic drivers,50017,5.0,225.0
White drivers,50019,9.0,9623.0
Black drivers,50019,0.0,73.0
Hispanic drivers,50019,1.0,45.0
White drivers,50021,181.0,20102.0
Black drivers,50021,23.0,383.0
Hispanic drivers,50021,0.0,119.0
White drivers,50023,220.0,22615.0
Black drivers,50023,11.0,563.0
Hispanic drivers,50023,5.0,247.0
White drivers,50025,530.0,32085.0
Black drivers,50025,115.0,1099.0
Hispanic drivers,50025,50.0,619.0
White drivers,50027,274.0,31901.0
Black drivers,50027,40.0,921.0
Hispanic drivers,50027,21.0,355.0
White drivers,53001,658.0,48423.0
Black drivers,53001,91.0,2324.0
Hispanic drivers,53001,216.0,6921.0
White drivers,53003,65.0,9467.0
Black drivers,53003,1.0,74.0
Hispanic drivers,53003,3.0,200.0
White drivers,53005,1332.0,80201.0
Black drivers,53005,111.0,2590.0
Hispanic drivers,53005,797.0,26539.0
White drivers,53007,894.0,64042.0
Black drivers,53007,19.0,791.0
Hispanic drivers,53007,355.0,13179.0
White drivers,53009,971.0,58314.0
Black drivers,53009,24.0,860.0
Hispanic drivers,53009,27.0,1342.0
White drivers,53011,5248.0,138983.0
Black drivers,53011,526.0,6318.0
Hispanic drivers,53011,544.0,11141.0
White drivers,53013,23.0,6677.0
Black drivers,53013,0.0,55.0
Hispanic drivers,53013,1.0,271.0
White drivers,53015,1535.0,72168.0
Black drivers,53015,122.0,3049.0
Hispanic drivers,53015,155.0,5027.0
White drivers,53017,259.0,20939.0
Black drivers,53017,7.0,241.0
Hispanic drivers,53017,193.0,7768.0
White drivers,53019,35.0,3552.0
Black drivers,53019,0.0,9.0
Hispanic drivers,53019,1.0,20.0
White drivers,53021,298.0,23841.0
Black drivers,53021,15.0,710.0
Hispanic drivers,53021,269.0,10716.0
White drivers,53023,36.0,7715.0
Black drivers,53023,1.0,58.0
Hispanic drivers,53023,2.0,283.0
White drivers,53025,891.0,61089.0
Black drivers,53025,62.0,2343.0
Hispanic drivers,53025,731.0,19134.0
White drivers,53027,1241.0,67460.0
Black drivers,53027,48.0,1811.0
Hispanic drivers,53027,124.0,5436.0
White drivers,53029,722.0,33431.0
Black drivers,53029,54.0,1596.0
Hispanic drivers,53029,40.0,1231.0
White drivers,53031,446.0,33426.0
Black drivers,53031,13.0,572.0
Hispanic drivers,53031,13.0,822.0
White drivers,53033,9766.0,441332.0
Black drivers,53033,2963.0,61817.0
Hispanic drivers,53033,2357.0,53666.0
White drivers,53035,1966.0,110791.0
Black drivers,53035,248.0,7898.0
Hispanic drivers,53035,130.0,5428.0
White drivers,53037,1636.0,98370.0
Black drivers,53037,173.0,4695.0
Hispanic drivers,53037,405.0,12125.0
White drivers,53039,249.0,23649.0
Black drivers,53039,7.0,228.0
Hispanic drivers,53039,66.0,3218.0
White drivers,53041,1604.0,98127.0
Black drivers,53041,140.0,2878.0
Hispanic drivers,53041,168.0,6819.0
White drivers,53043,196.0,14247.0
Black drivers,53043,21.0,345.0
Hispanic drivers,53043,30.0,899.0
White drivers,53045,1821.0,46478.0
Black drivers,53045,40.0,811.0
Hispanic drivers,53045,195.0,3155.0
White drivers,53047,685.0,33027.0
Black drivers,53047,18.0,406.0
Hispanic drivers,53047,262.0,6803.0
White drivers,53049,657.0,43147.0
Black drivers,53049,13.0,451.0
Hispanic drivers,53049,42.0,1609.0
White drivers,53051,207.0,7911.0
Black drivers,53051,7.0,111.0
Hispanic drivers,53051,4.0,155.0
White drivers,53053,7400.0,290546.0
Black drivers,53053,1933.0,41634.0
Hispanic drivers,53053,1129.0,26925.0
White drivers,53057,2096.0,83696.0
Black drivers,53057,95.0,2462.0
Hispanic drivers,53057,655.0,9533.0
White drivers,53059,105.0,9740.0
Black drivers,53059,0.0,71.0
Hispanic drivers,53059,5.0,657.0
White drivers,53061,9955.0,334954.0
Black drivers,53061,875.0,16537.0
Hispanic drivers,53061,1424.0,26308.0
White drivers,53063,4447.0,160032.0
Black drivers,53063,298.0,4686.0
Hispanic drivers,53063,195.0,4016.0
White drivers,53065,673.0,50396.0
Black drivers,53065,9.0,340.0
Hispanic drivers,53065,19.0,599.0
White drivers,53067,2406.0,107740.0
Black drivers,53067,302.0,7040.0
Hispanic drivers,53067,274.0,7691.0
White drivers,53069,122.0,5790.0
Black drivers,53069,0.0,59.0
Hispanic drivers,53069,7.0,152.0
White drivers,53071,171.0,42431.0
Black drivers,53071,5.0,800.0
Hispanic drivers,53071,93.0,9614.0
White drivers,53073,1485.0,72952.0
Black drivers,53073,76.0,2120.0
Hispanic drivers,53073,215.0,4564.0
White drivers,53075,288.0,49696.0
Black drivers,53075,11.0,1413.0
Hispanic drivers,53075,11.0,1341.0
White drivers,53077,1547.0,95104.0
Black drivers,53077,94.0,2699.0
Hispanic drivers,53077,2244.0,63786.0
White drivers,55001,15.0,616.0
Black drivers,55001,0.0,10.0
Hispanic drivers,55001,0.0,19.0
White drivers,55003,18.0,2710.0
Black drivers,55003,2.0,31.0
Hispanic drivers,55003,1.0,20.0
White drivers,55005,154.0,8672.0
Black drivers,55005,5.0,122.0
Hispanic drivers,55005,13.0,132.0
White drivers,55007,16.0,5085.0
Black drivers,55007,0.0,46.0
Hispanic drivers,55007,0.0,28.0
White drivers,55009,276.0,14551.0
Black drivers,55009,20.0,648.0
Hispanic drivers,55009,37.0,772.0
White drivers,55011,9.0,7152.0
Black drivers,55011,1.0,69.0
Hispanic drivers,55011,1.0,99.0
White drivers,55013,61.0,4416.0
Black drivers,55013,3.0,45.0
Hispanic drivers,55013,2.0,27.0
White drivers,55015,9.0,814.0
Black drivers,55015,0.0,19.0
Hispanic drivers,55015,0.0,33.0
White drivers,55017,61.0,15393.0
Black drivers,55017,9.0,220.0
Hispanic drivers,55017,3.0,182.0
White drivers,55019,15.0,4689.0
Black drivers,55019,0.0,71.0
Hispanic drivers,55019,3.0,91.0
White drivers,55021,561.0,20547.0
Black drivers,55021,173.0,1842.0
Hispanic drivers,55021,83.0,1231.0
White drivers,55023,35.0,6689.0
Black drivers,55023,4.0,73.0
Hispanic drivers,55023,1.0,46.0
White drivers,55025,576.0,40729.0
Black drivers,55025,304.0,5388.0
Hispanic drivers,55025,77.0,2948.0
White drivers,55027,85.0,14254.0
Black drivers,55027,23.0,524.0
Hispanic drivers,55027,12.0,548.0
White drivers,55029,12.0,1931.0
Black drivers,55029,0.0,22.0
Hispanic drivers,55029,0.0,48.0
White drivers,55031,81.0,17064.0
Black drivers,55031,5.0,310.0
Hispanic drivers,55031,1.0,150.0
White drivers,55033,442.0,25184.0
Black drivers,55033,131.0,2349.0
Hispanic drivers,55033,29.0,945.0
White drivers,55035,287.0,28488.0
Black drivers,55035,97.0,2286.0
Hispanic drivers,55035,12.0,935.0
White drivers,55039,130.0,20561.0
Black drivers,55039,53.0,1521.0
Hispanic drivers,55039,13.0,890.0
White drivers,55041,80.0,2028.0
Black drivers,55041,0.0,9.0
Hispanic drivers,55041,1.0,18.0
White drivers,55043,121.0,13558.0
Black drivers,55043,14.0,242.0
Hispanic drivers,55043,6.0,162.0
White drivers,55045,23.0,7291.0
Black drivers,55045,2.0,190.0
Hispanic drivers,55045,0.0,198.0
White drivers,55047,10.0,1360.0
Black drivers,55047,2.0,23.0
Hispanic drivers,55047,0.0,38.0
White drivers,55049,69.0,8352.0
Black drivers,55049,6.0,184.0
Hispanic drivers,55049,5.0,118.0
White drivers,55051,6.0,2126.0
Black drivers,55051,0.0,9.0
Hispanic drivers,55051,1.0,21.0
White drivers,55053,287.0,21967.0
Black drivers,55053,85.0,1980.0
Hispanic drivers,55053,31.0,927.0
White drivers,55055,206.0,23382.0
Black drivers,55055,85.0,3122.0
Hispanic drivers,55055,38.0,1516.0
White drivers,55057,36.0,18580.0
Black drivers,55057,13.0,1933.0
Hispanic drivers,55057,0.0,774.0
White drivers,55059,333.0,20556.0
Black drivers,55059,215.0,4072.0
Hispanic drivers,55059,104.0,2968.0
White drivers,55061,9.0,753.0
Black drivers,55061,1.0,9.0
Hispanic drivers,55061,0.0,16.0
White drivers,55063,366.0,19471.0
Black drivers,55063,63.0,997.0
Hispanic drivers,55063,14.0,584.0
White drivers,55065,26.0,4477.0
Black drivers,55065,3.0,103.0
Hispanic drivers,55065,3.0,113.0
White drivers,55067,21.0,1661.0
Black drivers,55067,0.0,5.0
Hispanic drivers,55067,0.0,29.0
White drivers,55069,113.0,4994.0
Black drivers,55069,3.0,34.0
Hispanic drivers,55069,1.0,37.0
White drivers,55071,36.0,12723.0
Black drivers,55071,20.0,791.0
Hispanic drivers,55071,5.0,567.0
White drivers,55073,202.0,20976.0
Black drivers,55073,18.0,361.0
Hispanic drivers,55073,12.0,397.0
White drivers,55075,42.0,3190.0
Black drivers,55075,0.0,32.0
Hispanic drivers,55075,1.0,53.0
White drivers,55077,144.0,7379.0
Black drivers,55077,8.0,158.0
Hispanic drivers,55077,7.0,175.0
White drivers,55079,100.0,4733.0
Black drivers,55079,149.0,2037.0
Hispanic drivers,55079,42.0,856.0
White drivers,55081,244.0,31315.0
Black drivers,55081,68.0,2315.0
Hispanic drivers,55081,25.0,1157.0
White drivers,55083,142.0,10061.0
Black drivers,55083,1.0,99.0
Hispanic drivers,55083,5.0,131.0
White drivers,55085,407.0,8693.0
Black drivers,55085,9.0,56.0
Hispanic drivers,55085,7.0,77.0
White drivers,55087,166.0,11119.0
Black drivers,55087,17.0,335.0
Hispanic drivers,55087,28.0,455.0
White drivers,55089,30.0,8667.0
Black drivers,55089,16.0,1120.0
Hispanic drivers,55089,15.0,629.0
White drivers,55091,3.0,1114.0
Black drivers,55091,0.0,11.0
Hispanic drivers,55091,0.0,16.0
White drivers,55093,7.0,2241.0
Black drivers,55093,0.0,30.0
Hispanic drivers,55093,0.0,16.0
White drivers,55095,141.0,6244.0
Black drivers,55095,7.0,80.0
Hispanic drivers,55095,4.0,89.0
White drivers,55097,392.0,14195.0
Black drivers,55097,19.0,263.0
Hispanic drivers,55097,30.0,523.0
White drivers,55099,27.0,2159.0
Black drivers,55099,0.0,9.0
Hispanic drivers,55099,0.0,10.0
White drivers,55101,145.0,16875.0
Black drivers,55101,179.0,4157.0
Hispanic drivers,55101,73.0,2460.0
White drivers,55103,51.0,3565.0
Black drivers,55103,3.0,41.0
Hispanic drivers,55103,1.0,64.0
White drivers,55105,439.0,19769.0
Black drivers,55105,258.0,2991.0
Hispanic drivers,55105,67.0,1857.0
White drivers,55107,28.0,4800.0
Black drivers,55107,0.0,30.0
Hispanic drivers,55107,0.0,35.0
White drivers,55109,351.0,25665.0
Black drivers,55109,135.0,1947.0
Hispanic drivers,55109,21.0,959.0
White drivers,55111,235.0,16635.0
Black drivers,55111,61.0,1251.0
Hispanic drivers,55111,37.0,1001.0
White drivers,55113,27.0,2913.0
Black drivers,55113,0.0,7.0
Hispanic drivers,55113,0.0,18.0
White drivers,55115,21.0,13566.0
Black drivers,55115,3.0,161.0
Hispanic drivers,55115,0.0,257.0
White drivers,55117,182.0,6096.0
Black drivers,55117,36.0,416.0
Hispanic drivers,55117,19.0,374.0
White drivers,55119,2.0,1718.0
Black drivers,55119,0.0,4.0
Hispanic drivers,55119,0.0,26.0
White drivers,55121,141.0,12847.0
Black drivers,55121,50.0,886.0
Hispanic drivers,55121,12.0,698.0
White drivers,55123,11.0,1310.0
Black drivers,55123,0.0,22.0
Hispanic drivers,55123,0.0,17.0
White drivers,55125,3.0,5689.0
Black drivers,55125,0.0,37.0
Hispanic drivers,55125,0.0,30.0
White drivers,55127,51.0,8347.0
Black drivers,55127,13.0,643.0
Hispanic drivers,55127,9.0,563.0
White drivers,55129,46.0,4885.0
Black drivers,55129,2.0,43.0
Hispanic drivers,55129,0.0,35.0
White drivers,55131,35.0,4722.0
Black drivers,55131,7.0,337.0
Hispanic drivers,55131,0.0,211.0
White drivers,55133,156.0,14201.0
Black drivers,55133,73.0,2171.0
Hispanic drivers,55133,42.0,1279.0
White drivers,55135,35.0,8164.0
Black drivers,55135,1.0,88.0
Hispanic drivers,55135,2.0,167.0
White drivers,55137,211.0,6632.0
Black drivers,55137,8.0,235.0
Hispanic drivers,55137,24.0,301.0
White drivers,55139,187.0,22034.0
Black drivers,55139,28.0,888.0
Hispanic drivers,55139,11.0,804.0
White drivers,55141,189.0,5789.0
Black drivers,55141,20.0,82.0
Hispanic drivers,55141,5.0,137.0
