driver_race,location,n_arrests,n_stops
White drivers,04001,183.0,30573.0
Black drivers,04001,20.0,1285.0
Hispanic drivers,04001,89.0,4876.0
White drivers,04003,404.0,52351.0
Black drivers,04003,87.0,5652.0
Hispanic drivers,04003,472.0,45711.0
White drivers,04005,933.0,82996.0
Black drivers,04005,148.0,5700.0
Hispanic drivers,04005,349.0,15466.0
White drivers,04007,377.0,52369.0
Black drivers,04007,14.0,1105.0
Hispanic drivers,04007,95.0,7226.0
White drivers,04009,428.0,19586.0
Black drivers,04009,20.0,603.0
Hispanic drivers,04009,301.0,6960.0
White drivers,04011,32.0,3539.0
Black drivers,04011,3.0,121.0
Hispanic drivers,04011,11.0,1540.0
White drivers,04012,224.0,30884.0
Black drivers,04012,57.0,3476.0
Hispanic drivers,04012,146.0,13741.0
White drivers,04013,7876.0,449118.0
Black drivers,04013,2019.0,58525.0
Hispanic drivers,04013,5271.0,162035.0
White drivers,04015,1161.0,72748.0
Black drivers,04015,136.0,5824.0
Hispanic drivers,04015,302.0,14716.0
White drivers,04017,960.0,62603.0
Black drivers,04017,128.0,3363.0
Hispanic drivers,04017,353.0,10099.0
White drivers,04019,1416.0,95274.0
Black drivers,04019,237.0,10216.0
Hispanic drivers,04019,1802.0,75483.0
White drivers,04021,893.0,94059.0
Black drivers,04021,181.0,9362.0
Hispanic drivers,04021,869.0,57405.0
White drivers,04023,62.0,6506.0
Black drivers,04023,6.0,480.0
Hispanic drivers,04023,292.0,29459.0
White drivers,04025,1410.0,113271.0
Black drivers,04025,151.0,6876.0
Hispanic drivers,04025,500.0,22411.0
White drivers,04027,249.0,38998.0
Black drivers,04027,40.0,3576.0
Hispanic drivers,04027,197.0,32571.0
White drivers,06001,8117.0,422186.0
Black drivers,06001,10239.0,213790.0
Hispanic drivers,06001,10087.0,300762.0
White drivers,06003,1321.0,51706.0
Black drivers,06003,49.0,1245.0
Hispanic drivers,06003,210.0,6044.0
White drivers,06005,730.0,47604.0
Black drivers,06005,21.0,1518.0
Hispanic drivers,06005,107.0,5690.0
White drivers,06007,3696.0,124749.0
Black drivers,06007,157.0,4652.0
Hispanic drivers,06007,607.0,17077.0
White drivers,06009,1245.0,54839.0
Black drivers,06009,21.0,983.0
Hispanic drivers,06009,115.0,4436.0
White drivers,06011,589.0,47599.0
Black drivers,06011,48.0,3004.0
Hispanic drivers,06011,346.0,14697.0
White drivers,06013,3034.0,124302.0
Black drivers,06013,1908.0,54315.0
Hispanic drivers,06013,2333.0,55515.0
White drivers,06015,866.0,42506.0
Black drivers,06015,6.0,508.0
Hispanic drivers,06015,105.0,2953.0
White drivers,06017,3102.0,97416.0
Black drivers,06017,90.0,2545.0
Hispanic drivers,06017,345.0,7802.0
White drivers,06019,3218.0,150985.0
Black drivers,06019,840.0,23160.0
Hispanic drivers,06019,8463.0,215041.0
White drivers,06021,640.0,52204.0
Black drivers,06021,45.0,2514.0
Hispanic drivers,06021,308.0,13255.0
White drivers,06023,3132.0,75936.0
Black drivers,06023,101.0,2271.0
Hispanic drivers,06023,277.0,4942.0
White drivers,06025,900.0,100234.0
Black drivers,06025,165.0,13849.0
Hispanic drivers,06025,3119.0,251758.0
White drivers,06027,823.0,60732.0
Black drivers,06027,34.0,1872.0
Hispanic drivers,06027,233.0,11291.0
White drivers,06029,7593.0,392138.0
Black drivers,06029,1310.0,68805.0
Hispanic drivers,06029,9906.0,409070.0
White drivers,06031,1031.0,47596.0
Black drivers,06031,239.0,6427.0
Hispanic drivers,06031,1963.0,55431.0
White drivers,06033,2178.0,44830.0
Black drivers,06033,87.0,1642.0
Hispanic drivers,06033,548.0,6822.0
White drivers,06035,1143.0,72727.0
Black drivers,06035,31.0,1928.0
Hispanic drivers,06035,96.0,5049.0
White drivers,06037,22641.0,1125904.0
Black drivers,06037,15396.0,510436.0
Hispanic drivers,06037,64456.0,1850224.0
White drivers,06039,2002.0,63968.0
Black drivers,06039,168.0,4418.0
Hispanic drivers,06039,2686.0,48177.0
White drivers,06041,3372.0,172596.0
Black drivers,06041,401.0,13295.0
Hispanic drivers,06041,1130.0,33811.0
White drivers,06043,281.0,24354.0
Black drivers,06043,9.0,381.0
Hispanic drivers,06043,36.0,2826.0
White drivers,06045,4135.0,145147.0
Black drivers,06045,168.0,4551.0
Hispanic drivers,06045,862.0,22135.0
White drivers,06047,1785.0,115370.0
Black drivers,06047,368.0,17158.0
Hispanic drivers,06047,4003.0,133097.0
White drivers,06049,348.0,25053.0
Black drivers,06049,9.0,387.0
Hispanic drivers,06049,40.0,1921.0
White drivers,06051,667.0,51249.0
Black drivers,06051,30.0,1406.0
Hispanic drivers,06051,148.0,8543.0
White drivers,06053,2803.0,147705.0
Black drivers,06053,308.0,11924.0
Hispanic drivers,06053,6302.0,138807.0
White drivers,06055,2082.0,77951.0
Black drivers,06055,113.0,4039.0
Hispanic drivers,06055,1218.0,28997.0
White drivers,06057,1996.0,102697.0
Black drivers,06057,91.0,4558.0
Hispanic drivers,06057,146.0,10640.0
White drivers,06059,9535.0,483711.0
Black drivers,06059,1371.0,53711.0
Hispanic drivers,06059,11602.0,327358.0
White drivers,06061,1541.0,95045.0
Black drivers,06061,80.0,4356.0
Hispanic drivers,06061,233.0,10616.0
White drivers,06063,990.0,41826.0
Black drivers,06063,25.0,1083.0
Hispanic drivers,06063,72.0,2486.0
White drivers,06065,6131.0,295735.0
Black drivers,06065,1901.0,79658.0
Hispanic drivers,06065,11028.0,349281.0
White drivers,06067,13564.0,435175.0
Black drivers,06067,5784.0,116018.0
Hispanic drivers,06067,6946.0,131852.0
White drivers,06069,1321.0,112449.0
Black drivers,06069,135.0,12807.0
Hispanic drivers,06069,2807.0,141739.0
White drivers,06071,12155.0,576327.0
Black drivers,06071,4011.0,141369.0
Hispanic drivers,06071,15600.0,480763.0
White drivers,06073,19615.0,767921.0
Black drivers,06073,3873.0,122669.0
Hispanic drivers,06073,20045.0,764759.0
White drivers,06075,3163.0,125730.0
Black drivers,06075,1676.0,39766.0
Hispanic drivers,06075,2411.0,47427.0
White drivers,06077,5424.0,161584.0
Black drivers,06077,2236.0,40081.0
Hispanic drivers,06077,7583.0,121935.0
White drivers,06079,3779.0,144639.0
Black drivers,06079,142.0,5243.0
Hispanic drivers,06079,1790.0,47779.0
White drivers,06081,2788.0,151706.0
Black drivers,06081,519.0,18035.0
Hispanic drivers,06081,2833.0,69032.0
White drivers,06085,3061.0,174447.0
Black drivers,06085,672.0,23627.0
Hispanic drivers,06085,5364.0,134840.0
White drivers,06087,4142.0,137506.0
Black drivers,06087,166.0,4437.0
Hispanic drivers,06087,2339.0,51613.0
White drivers,06089,4492.0,187464.0
Black drivers,06089,125.0,4604.0
Hispanic drivers,06089,556.0,22749.0
White drivers,06091,1809.0,99533.0
Black drivers,06091,101.0,6047.0
Hispanic drivers,06091,356.0,17683.0
White drivers,06095,2147.0,179981.0
Black drivers,06095,1418.0,58600.0
Hispanic drivers,06095,1444.0,84844.0
White drivers,06097,4794.0,194590.0
Black drivers,06097,322.0,9554.0
Hispanic drivers,06097,2518.0,54559.0
White drivers,06099,3188.0,97450.0
Black drivers,06099,476.0,10591.0
Hispanic drivers,06099,4518.0,82505.0
White drivers,06101,1932.0,77398.0
Black drivers,06101,163.0,6297.0
Hispanic drivers,06101,785.0,22214.0
White drivers,06103,1525.0,95255.0
Black drivers,06103,44.0,6197.0
Hispanic drivers,06103,426.0,35551.0
White drivers,06105,976.0,29698.0
Black drivers,06105,40.0,433.0
Hispanic drivers,06105,59.0,1058.0
White drivers,06107,2625.0,97580.0
Black drivers,06107,260.0,7295.0
Hispanic drivers,06107,9205.0,175151.0
White drivers,06109,2295.0,64972.0
Black drivers,06109,22.0,932.0
Hispanic drivers,06109,297.0,7702.0
White drivers,06113,856.0,56354.0
Black drivers,06113,211.0,8841.0
Hispanic drivers,06113,743.0,21363.0
White drivers,08001,1385.0,43678.0
Black drivers,08001,133.0,2341.0
Hispanic drivers,08001,1264.0,17728.0
White drivers,08003,266.0,7788.0
Black drivers,08003,18.0,193.0
Hispanic drivers,08003,234.0,4018.0
White drivers,08005,953.0,27062.0
Black drivers,08005,312.0,4637.0
Hispanic drivers,08005,368.0,4886.0
White drivers,08007,92.0,11916.0
Black drivers,08007,1.0,72.0
Hispanic drivers,08007,25.0,1085.0
White drivers,08009,52.0,3467.0
Black drivers,08009,7.0,256.0
Hispanic drivers,08009,18.0,802.0
White drivers,08011,39.0,2238.0
Black drivers,08011,2.0,73.0
Hispanic drivers,08011,21.0,680.0
White drivers,08013,481.0,31235.0
Black drivers,08013,14.0,634.0
Hispanic drivers,08013,109.0,3378.0
White drivers,08014,26.0,1841.0
Black drivers,08014,0.0,47.0
Hispanic drivers,08014,5.0,247.0
White drivers,08015,190.0,14480.0
Black drivers,08015,2.0,127.0
Hispanic drivers,08015,19.0,913.0
White drivers,08017,15.0,1352.0
Black drivers,08017,0.0,67.0
Hispanic drivers,08017,21.0,280.0
White drivers,08019,447.0,19657.0
Black drivers,08019,18.0,510.0
Hispanic drivers,08019,136.0,1987.0
White drivers,08021,85.0,3836.0
Black drivers,08021,0.0,44.0
Hispanic drivers,08021,111.0,2806.0
White drivers,08023,38.0,3999.0
Black drivers,08023,1.0,85.0
Hispanic drivers,08023,78.0,1723.0
White drivers,08025,26.0,1257.0
Black drivers,08025,1.0,24.0
Hispanic drivers,08025,13.0,321.0
White drivers,08029,348.0,13191.0
Black drivers,08029,3.0,101.0
Hispanic drivers,08029,60.0,1574.0
White drivers,08031,153.0,995.0
Black drivers,08031,24.0,155.0
Hispanic drivers,08031,48.0,517.0
White drivers,08033,7.0,1356.0
Black drivers,08033,0.0,23.0
Hispanic drivers,08033,2.0,119.0
White drivers,08035,521.0,30042.0
Black drivers,08035,58.0,1670.0
Hispanic drivers,08035,110.0,3431.0
White drivers,08037,562.0,28868.0
Black drivers,08037,9.0,736.0
Hispanic drivers,08037,270.0,6525.0
White drivers,08039,46.0,4149.0
Black drivers,08039,5.0,307.0
Hispanic drivers,08039,16.0,401.0
White drivers,08041,1951.0,68840.0
Black drivers,08041,403.0,7521.0
Hispanic drivers,08041,396.0,7244.0
White drivers,08043,237.0,14186.0
Black drivers,08043,7.0,296.0
Hispanic drivers,08043,17.0,1125.0
White drivers,08045,432.0,24926.0
Black drivers,08045,10.0,489.0
Hispanic drivers,08045,239.0,6299.0
White drivers,08047,153.0,4200.0
Black drivers,08047,13.0,272.0
Hispanic drivers,08047,90.0,1016.0
White drivers,08049,154.0,12420.0
Black drivers,08049,3.0,145.0
Hispanic drivers,08049,27.0,781.0
White drivers,08051,104.0,11408.0
Black drivers,08051,4.0,83.0
Hispanic drivers,08051,13.0,450.0
White drivers,08055,112.0,7339.0
Black drivers,08055,7.0,313.0
Hispanic drivers,08055,91.0,2703.0
White drivers,08057,10.0,1681.0
Black drivers,08057,0.0,23.0
Hispanic drivers,08057,0.0,137.0
White drivers,08059,1528.0,68730.0
Black drivers,08059,76.0,2037.0
Hispanic drivers,08059,393.0,7391.0
White drivers,08061,18.0,2765.0
Black drivers,08061,3.0,191.0
Hispanic drivers,08061,13.0,677.0
White drivers,08063,43.0,5772.0
Black drivers,08063,13.0,440.0
Hispanic drivers,08063,17.0,736.0
White drivers,08065,46.0,1894.0
Black drivers,08065,0.0,19.0
Hispanic drivers,08065,33.0,507.0
White drivers,08067,374.0,23732.0
Black drivers,08067,6.0,194.0
Hispanic drivers,08067,66.0,2116.0
White drivers,08069,732.0,34973.0
Black drivers,08069,25.0,942.0
Hispanic drivers,08069,199.0,3932.0
White drivers,08071,230.0,11327.0
Black drivers,08071,21.0,447.0
Hispanic drivers,08071,219.0,4018.0
White drivers,08073,73.0,7031.0
Black drivers,08073,15.0,591.0
Hispanic drivers,08073,111.0,1011.0
White drivers,08075,103.0,16066.0
Black drivers,08075,11.0,772.0
Hispanic drivers,08075,26.0,1662.0
White drivers,08077,1093.0,44072.0
Black drivers,08077,21.0,694.0
Hispanic drivers,08077,345.0,5091.0
White drivers,08079,31.0,7925.0
Black drivers,08079,3.0,160.0
Hispanic drivers,08079,4.0,575.0
White drivers,08081,126.0,8984.0
Black drivers,08081,1.0,49.0
Hispanic drivers,08081,15.0,547.0
White drivers,08083,123.0,8024.0
Black drivers,08083,9.0,133.0
Hispanic drivers,08083,19.0,956.0
White drivers,08085,263.0,14956.0
Black drivers,08085,4.0,102.0
Hispanic drivers,08085,80.0,2173.0
White drivers,08087,186.0,13273.0
Black drivers,08087,15.0,797.0
Hispanic drivers,08087,100.0,3202.0
White drivers,08089,159.0,8240.0
Black drivers,08089,6.0,245.0
Hispanic drivers,08089,226.0,3782.0
White drivers,08091,64.0,5215.0
Black drivers,08091,0.0,25.0
Hispanic drivers,08091,14.0,389.0
White drivers,08093,161.0,16934.0
Black drivers,08093,5.0,187.0
Hispanic drivers,08093,9.0,504.0
White drivers,08095,1.0,676.0
Black drivers,08095,0.0,5.0
Hispanic drivers,08095,4.0,137.0
White drivers,08097,48.0,1796.0
Black drivers,08097,0.0,21.0
Hispanic drivers,08097,6.0,372.0
White drivers,08099,92.0,9493.0
Black drivers,08099,6.0,528.0
Hispanic drivers,08099,81.0,2818.0
White drivers,08101,508.0,24983.0
Black drivers,08101,36.0,1008.0
Hispanic drivers,08101,391.0,8550.0
White drivers,08103,91.0,5858.0
Black drivers,08103,2.0,46.0
Hispanic drivers,08103,9.0,345.0
White drivers,08105,106.0,8746.0
Black drivers,08105,7.0,135.0
Hispanic drivers,08105,117.0,2911.0
White drivers,08107,309.0,15324.0
Black drivers,08107,5.0,165.0
Hispanic drivers,08107,32.0,884.0
White drivers,08109,33.0,3633.0
Black drivers,08109,0.0,57.0
Hispanic drivers,08109,12.0,617.0
White drivers,08113,26.0,1538.0
Black drivers,08113,0.0,10.0
Hispanic drivers,08113,2.0,118.0
White drivers,08115,3.0,1502.0
Black drivers,08115,1.0,54.0
Hispanic drivers,08115,0.0,155.0
White drivers,08117,248.0,14971.0
Black drivers,08117,9.0,517.0
Hispanic drivers,08117,82.0,1726.0
White drivers,08119,171.0,6271.0
Black drivers,08119,6.0,191.0
Hispanic drivers,08119,23.0,426.0
White drivers,08121,60.0,6232.0
Black drivers,08121,0.0,125.0
Hispanic drivers,08121,18.0,789.0
White drivers,08123,882.0,34556.0
Black drivers,08123,63.0,1343.0
Hispanic drivers,08123,471.0,8327.0
White drivers,08125,43.0,4441.0
Black drivers,08125,0.0,34.0
Hispanic drivers,08125,30.0,607.0
White drivers,09001,524.0,25978.0
Black drivers,09001,168.0,7434.0
Hispanic drivers,09001,285.0,6968.0
White drivers,09003,545.0,25876.0
Black drivers,09003,232.0,7568.0
Hispanic drivers,09003,190.0,4819.0
White drivers,09005,524.0,23650.0
Black drivers,09005,19.0,1254.0
Hispanic drivers,09005,62.0,1656.0
White drivers,09007,424.0,29876.0
Black drivers,09007,73.0,3533.0
Hispanic drivers,09007,76.0,2672.0
White drivers,09009,703.0,33046.0
Black drivers,09009,209.0,8325.0
Hispanic drivers,09009,266.0,6921.0
White drivers,09011,1065.0,36915.0
Black drivers,09011,116.0,4464.0
Hispanic drivers,09011,127.0,3233.0
White drivers,09013,724.0,38069.0
Black drivers,09013,69.0,3100.0
Hispanic drivers,09013,88.0,2593.0
White drivers,09015,550.0,24617.0
Black drivers,09015,34.0,1202.0
Hispanic drivers,09015,124.0,1876.0
White drivers,12001,771.0,39586.0
Black drivers,12001,786.0,15825.0
Hispanic drivers,12001,317.0,5715.0
White drivers,12003,309.0,13647.0
Black drivers,12003,175.0,4974.0
Hispanic drivers,12003,39.0,808.0
White drivers,12005,2008.0,55650.0
Black drivers,12005,614.0,10489.0
Hispanic drivers,12005,225.0,1856.0
White drivers,12007,86.0,4124.0
Black drivers,12007,40.0,1045.0
Hispanic drivers,12007,11.0,279.0
White drivers,12009,935.0,31067.0
Black drivers,12009,310.0,7113.0
Hispanic drivers,12009,229.0,5937.0
White drivers,12011,2648.0,106250.0
Black drivers,12011,3917.0,67920.0
Hispanic drivers,12011,3687.0,84287.0
White drivers,12013,64.0,3822.0
Black drivers,12013,29.0,729.0
Hispanic drivers,12013,17.0,150.0
White drivers,12015,315.0,19296.0
Black drivers,12015,126.0,3048.0
Hispanic drivers,12015,190.0,5007.0
White drivers,12017,263.0,15890.0
Black drivers,12017,31.0,733.0
Hispanic drivers,12017,29.0,645.0
White drivers,12019,484.0,12858.0
Black drivers,12019,194.0,2601.0
Hispanic drivers,12019,75.0,1253.0
White drivers,12021,924.0,45075.0
Black drivers,12021,510.0,13829.0
Hispanic drivers,12021,1134.0,30412.0
White drivers,12023,639.0,32933.0
Black drivers,12023,543.0,13256.0
Hispanic drivers,12023,310.0,4416.0
White drivers,12027,202.0,16861.0
Black drivers,12027,105.0,2921.0
Hispanic drivers,12027,420.0,3896.0
White drivers,12029,242.0,13891.0
Black drivers,12029,37.0,1366.0
Hispanic drivers,12029,19.0,495.0
White drivers,12031,3437.0,76547.0
Black drivers,12031,4334.0,39386.0
Hispanic drivers,12031,837.0,8915.0
White drivers,12033,2438.0,46707.0
Black drivers,12033,1700.0,15548.0
Hispanic drivers,12033,333.0,2197.0
White drivers,12035,177.0,10629.0
Black drivers,12035,118.0,3531.0
Hispanic drivers,12035,87.0,2079.0
White drivers,12037,182.0,6949.0
Black drivers,12037,33.0,694.0
Hispanic drivers,12037,19.0,148.0
White drivers,12039,416.0,30694.0
Black drivers,12039,1019.0,22819.0
Hispanic drivers,12039,632.0,5330.0
White drivers,12041,76.0,3309.0
Black drivers,12041,8.0,228.0
Hispanic drivers,12041,19.0,132.0
White drivers,12043,50.0,3700.0
Black drivers,12043,38.0,1020.0
Hispanic drivers,12043,93.0,2206.0
White drivers,12045,31.0,1902.0
Black drivers,12045,12.0,256.0
Hispanic drivers,12045,2.0,23.0
White drivers,12047,149.0,12172.0
Black drivers,12047,170.0,6240.0
Hispanic drivers,12047,94.0,1864.0
White drivers,12049,49.0,7327.0
Black drivers,12049,25.0,1108.0
Hispanic drivers,12049,313.0,2717.0
White drivers,12051,158.0,9758.0
Black drivers,12051,86.0,2482.0
Hispanic drivers,12051,401.0,6694.0
White drivers,12053,1059.0,46070.0
Black drivers,12053,180.0,3623.0
Hispanic drivers,12053,176.0,4325.0
White drivers,12055,250.0,22346.0
Black drivers,12055,129.0,4905.0
Hispanic drivers,12055,277.0,8002.0
White drivers,12057,1956.0,80261.0
Black drivers,12057,1052.0,21182.0
Hispanic drivers,12057,1701.0,25841.0
White drivers,12059,261.0,11700.0
Black drivers,12059,109.0,2984.0
Hispanic drivers,12059,89.0,1343.0
White drivers,12061,203.0,22421.0
Black drivers,12061,208.0,6867.0
Hispanic drivers,12061,169.0,6984.0
White drivers,12063,295.0,17359.0
Black drivers,12063,211.0,5943.0
Hispanic drivers,12063,137.0,1818.0
White drivers,12065,194.0,13373.0
Black drivers,12065,206.0,6271.0
Hispanic drivers,12065,98.0,1533.0
White drivers,12067,35.0,2526.0
Black drivers,12067,11.0,467.0
Hispanic drivers,12067,45.0,265.0
White drivers,12069,841.0,49486.0
Black drivers,12069,398.0,11537.0
Hispanic drivers,12069,530.0,11799.0
White drivers,12071,1619.0,53783.0
Black drivers,12071,480.0,10031.0
Hispanic drivers,12071,1335.0,19536.0
White drivers,12073,1686.0,63337.0
Black drivers,12073,2109.0,36172.0
Hispanic drivers,12073,505.0,6073.0
White drivers,12075,179.0,11817.0
Black drivers,12075,54.0,1734.0
Hispanic drivers,12075,72.0,801.0
White drivers,12077,63.0,3990.0
Black drivers,12077,25.0,1103.0
Hispanic drivers,12077,38.0,230.0
White drivers,12079,366.0,19200.0
Black drivers,12079,461.0,10321.0
Hispanic drivers,12079,207.0,4104.0
White drivers,12081,841.0,33965.0
Black drivers,12081,483.0,7299.0
Hispanic drivers,12081,1216.0,8368.0
White drivers,12083,560.0,37436.0
Black drivers,12083,296.0,11024.0
Hispanic drivers,12083,239.0,7238.0
White drivers,12085,599.0,36163.0
Black drivers,12085,382.0,14096.0
Hispanic drivers,12085,494.0,15926.0
White drivers,12086,1474.0,51045.0
Black drivers,12086,4686.0,55388.0
Hispanic drivers,12086,10622.0,228292.0
White drivers,12087,460.0,35315.0
Black drivers,12087,134.0,4082.0
Hispanic drivers,12087,327.0,14799.0
White drivers,12089,809.0,14612.0
Black drivers,12089,223.0,3793.0
Hispanic drivers,12089,111.0,1459.0
White drivers,12091,759.0,35922.0
Black drivers,12091,238.0,5870.0
Hispanic drivers,12091,203.0,2450.0
White drivers,12093,123.0,6294.0
Black drivers,12093,63.0,1677.0
Hispanic drivers,12093,170.0,2967.0
White drivers,12095,2582.0,133298.0
Black drivers,12095,1923.0,49912.0
Hispanic drivers,12095,2669.0,68613.0
White drivers,12097,448.0,50663.0
Black drivers,12097,418.0,17390.0
Hispanic drivers,12097,824.0,41975.0
White drivers,12099,4061.0,149525.0
Black drivers,12099,4232.0,70484.0
Hispanic drivers,12099,4477.0,70312.0
White drivers,12101,1903.0,41228.0
Black drivers,12101,235.0,4447.0
Hispanic drivers,12101,411.0,6701.0
White drivers,12103,914.0,44932.0
Black drivers,12103,523.0,9064.0
Hispanic drivers,12103,314.0,5988.0
White drivers,12105,1147.0,72514.0
Black drivers,12105,669.0,17656.0
Hispanic drivers,12105,989.0,18377.0
White drivers,12107,391.0,16920.0
Black drivers,12107,275.0,4356.0
Hispanic drivers,12107,109.0,1241.0
White drivers,12109,513.0,23951.0
Black drivers,12109,355.0,6876.0
Hispanic drivers,12109,154.0,3449.0
White drivers,12111,1121.0,73922.0
Black drivers,12111,982.0,29620.0
Hispanic drivers,12111,1019.0,37992.0
White drivers,12113,1086.0,37451.0
Black drivers,12113,203.0,4277.0
Hispanic drivers,12113,155.0,1592.0
White drivers,12115,814.0,40172.0
Black drivers,12115,203.0,4930.0
Hispanic drivers,12115,662.0,7343.0
White drivers,12117,409.0,29127.0
Black drivers,12117,246.0,6727.0
Hispanic drivers,12117,264.0,8172.0
White drivers,12119,337.0,20806.0
Black drivers,12119,181.0,4927.0
Hispanic drivers,12119,241.0,3845.0
White drivers,12121,268.0,11903.0
Black drivers,12121,198.0,4964.0
Hispanic drivers,12121,172.0,1762.0
White drivers,12123,235.0,11370.0
Black drivers,12123,77.0,2027.0
Hispanic drivers,12123,27.0,514.0
White drivers,12125,101.0,4087.0
Black drivers,12125,45.0,926.0
Hispanic drivers,12125,12.0,154.0
White drivers,12127,996.0,37952.0
Black drivers,12127,511.0,9258.0
Hispanic drivers,12127,481.0,7126.0
White drivers,12129,500.0,20202.0
Black drivers,12129,126.0,2997.0
Hispanic drivers,12129,27.0,452.0
White drivers,12131,214.0,10506.0
Black drivers,12131,49.0,1198.0
Hispanic drivers,12131,121.0,643.0
White drivers,12133,171.0,9913.0
Black drivers,12133,88.0,2360.0
Hispanic drivers,12133,53.0,1076.0
White drivers,25001,1218.0,46193.0
Black drivers,25001,126.0,3073.0
Hispanic drivers,25001,50.0,1151.0
White drivers,25003,934.0,56710.0
Black drivers,25003,128.0,3603.0
Hispanic drivers,25003,77.0,1977.0
White drivers,25005,3341.0,77480.0
Black drivers,25005,715.0,11488.0
Hispanic drivers,25005,848.0,8737.0
White drivers,25007,22.0,1192.0
Black drivers,25007,0.0,86.0
Hispanic drivers,25007,1.0,20.0
White drivers,25009,3422.0,118518.0
Black drivers,25009,503.0,9811.0
Hispanic drivers,25009,2221.0,20601.0
White drivers,25011,597.0,44756.0
Black drivers,25011,66.0,2013.0
Hispanic drivers,25011,68.0,2219.0
White drivers,25013,2583.0,143170.0
Black drivers,25013,811.0,22387.0
Hispanic drivers,25013,2019.0,38410.0
White drivers,25015,500.0,35461.0
Black drivers,25015,50.0,2114.0
Hispanic drivers,25015,99.0,2538.0
White drivers,25017,4555.0,221972.0
Black drivers,25017,839.0,27932.0
Hispanic drivers,25017,1451.0,28323.0
White drivers,25019,60.0,2106.0
Black drivers,25019,10.0,271.0
Hispanic drivers,25019,46.0,361.0
White drivers,25021,1727.0,93853.0
Black drivers,25021,594.0,25831.0
Hispanic drivers,25021,437.0,11696.0
White drivers,25023,2131.0,69245.0
Black drivers,25023,584.0,10610.0
Hispanic drivers,25023,312.0,4379.0
White drivers,25025,2656.0,190623.0
Black drivers,25025,1049.0,50349.0
Hispanic drivers,25025,1457.0,34247.0
White drivers,25027,5507.0,277276.0
Black drivers,25027,1113.0,30979.0
Hispanic drivers,25027,1942.0,36999.0
White drivers,30001,9.0,4626.0
Black drivers,30001,0.0,67.0
Hispanic drivers,30001,1.0,109.0
White drivers,30003,3.0,5389.0
Black drivers,30003,0.0,175.0
Hispanic drivers,30003,0.0,253.0
White drivers,30005,22.0,3717.0
Black drivers,30005,2.0,54.0
Hispanic drivers,30005,0.0,42.0
White drivers,30007,11.0,7910.0
Black drivers,30007,0.0,63.0
Hispanic drivers,30007,0.0,75.0
White drivers,30009,48.0,4822.0
Black drivers,30009,0.0,38.0
Hispanic drivers,30009,42.0,1011.0
White drivers,30013,48.0,37848.0
Black drivers,30013,2.0,682.0
Hispanic drivers,30013,2.0,513.0
White drivers,30015,7.0,5932.0
Black drivers,30015,0.0,54.0
Hispanic drivers,30015,0.0,81.0
White drivers,30017,117.0,18272.0
Black drivers,30017,1.0,299.0
Hispanic drivers,30017,3.0,630.0
White drivers,30019,0.0,1156.0
Black drivers,30019,0.0,9.0
Hispanic drivers,30019,0.0,7.0
White drivers,30021,28.0,15071.0
Black drivers,30021,4.0,306.0
Hispanic drivers,30021,3.0,791.0
White drivers,30023,1358.0,13652.0
Black drivers,30023,21.0,193.0
Hispanic drivers,30023,19.0,205.0
White drivers,30025,0.0,647.0
Black drivers,30025,0.0,1.0
Hispanic drivers,30025,0.0,26.0
White drivers,30027,18.0,4881.0
Black drivers,30027,0.0,41.0
Hispanic drivers,30027,1.0,56.0
White drivers,30029,1223.0,47444.0
Black drivers,30029,4.0,130.0
Hispanic drivers,30029,5.0,335.0
White drivers,30031,165.0,44375.0
Black drivers,30031,1.0,397.0
Hispanic drivers,30031,3.0,763.0
White drivers,30033,1.0,1354.0
Black drivers,30033,0.0,18.0
Hispanic drivers,30033,0.0,6.0
White drivers,30035,587.0,4822.0
Black drivers,30035,3.0,22.0
Hispanic drivers,30035,1.0,48.0
White drivers,30037,3.0,918.0
Black drivers,30037,0.0,10.0
Hispanic drivers,30037,0.0,19.0
White drivers,30039,257.0,3371.0
Black drivers,30039,1.0,40.0
Hispanic drivers,30039,5.0,69.0
White drivers,30041,46.0,10901.0
Black drivers,30041,2.0,117.0
Hispanic drivers,30041,1.0,113.0
White drivers,30043,49.0,10167.0
Black drivers,30043,0.0,125.0
Hispanic drivers,30043,0.0,156.0
White drivers,30045,17.0,3871.0
Black drivers,30045,0.0,60.0
Hispanic drivers,30045,0.0,53.0
White drivers,30047,202.0,14264.0
Black drivers,30047,3.0,96.0
Hispanic drivers,30047,4.0,147.0
White drivers,30049,122.0,26113.0
Black drivers,30049,0.0,161.0
Hispanic drivers,30049,3.0,303.0
White drivers,30051,2.0,1342.0
Black drivers,30051,0.0,9.0
Hispanic drivers,30051,0.0,19.0
White drivers,30053,90.0,12061.0
Black drivers,30053,1.0,46.0
Hispanic drivers,30053,1.0,116.0
White drivers,30055,0.0,698.0
Black drivers,30055,0.0,9.0
Hispanic drivers,30055,0.0,13.0
White drivers,30057,7.0,4020.0
Black drivers,30057,0.0,24.0
Hispanic drivers,30057,0.0,101.0
White drivers,30059,0.0,1071.0
Black drivers,30059,0.0,2.0
Hispanic drivers,30059,0.0,3.0
White drivers,30061,84.0,10837.0
Black drivers,30061,2.0,250.0
Hispanic drivers,30061,6.0,271.0
White drivers,30063,628.0,36315.0
Black drivers,30063,8.0,356.0
Hispanic drivers,30063,15.0,492.0
White drivers,30065,6.0,2678.0
Black drivers,30065,0.0,13.0
Hispanic drivers,30065,1.0,46.0
White drivers,30067,15.0,12843.0
Black drivers,30067,0.0,138.0
Hispanic drivers,30067,1.0,264.0
White drivers,30071,6.0,2081.0
Black drivers,30071,0.0,20.0
Hispanic drivers,30071,1.0,20.0
White drivers,30073,99.0,5808.0
Black drivers,30073,1.0,65.0
Hispanic drivers,30073,1.0,96.0
White drivers,30075,11.0,1817.0
Black drivers,30075,0.0,64.0
Hispanic drivers,30075,0.0,90.0
White drivers,30077,2368.0,15651.0
Black drivers,30077,34.0,219.0
Hispanic drivers,30077,26.0,266.0
White drivers,30079,0.0,1423.0
Black drivers,30079,0.0,36.0
Hispanic drivers,30079,0.0,73.0
White drivers,30081,207.0,18070.0
Black drivers,30081,0.0,71.0
Hispanic drivers,30081,1.0,183.0
White drivers,30083,18.0,9576.0
Black drivers,30083,0.0,179.0
Hispanic drivers,30083,1.0,483.0
White drivers,30085,5.0,6255.0
Black drivers,30085,0.0,121.0
Hispanic drivers,30085,0.0,201.0
White drivers,30087,379.0,9103.0
Black drivers,30087,7.0,136.0
Hispanic drivers,30087,13.0,221.0
White drivers,30089,27.0,7252.0
Black drivers,30089,1.0,22.0
Hispanic drivers,30089,0.0,50.0
White drivers,30091,5.0,2222.0
Black drivers,30091,0.0,24.0
Hispanic drivers,30091,0.0,53.0
White drivers,30093,240.0,13200.0
Black drivers,30093,4.0,145.0
Hispanic drivers,30093,3.0,249.0
White drivers,30095,15.0,7162.0
Black drivers,30095,2.0,111.0
Hispanic drivers,30095,5.0,222.0
White drivers,30097,24.0,2986.0
Black drivers,30097,0.0,69.0
Hispanic drivers,30097,1.0,91.0
White drivers,30099,1.0,1886.0
Black drivers,30099,0.0,13.0
Hispanic drivers,30099,0.0,20.0
White drivers,30101,261.0,4975.0
Black drivers,30101,4.0,49.0
Hispanic drivers,30101,1.0,77.0
White drivers,30103,39.0,1286.0
Black drivers,30103,1.0,27.0
Hispanic drivers,30103,0.0,47.0
White drivers,30105,1.0,4869.0
Black drivers,30105,0.0,60.0
Hispanic drivers,30105,1.0,84.0
White drivers,30107,4.0,1584.0
Black drivers,30107,1.0,30.0
Hispanic drivers,30107,0.0,26.0
White drivers,30109,1.0,885.0
Black drivers,30109,0.0,24.0
Hispanic drivers,30109,0.0,24.0
White drivers,30111,274.0,38052.0
Black drivers,30111,12.0,624.0
Hispanic drivers,30111,30.0,1275.0
White drivers,A1,565.0,59505.0
Black drivers,A1,49.0,5153.0
Hispanic drivers,A1,35.0,1299.0
White drivers,A2,221.0,20637.0
Black drivers,A2,523.0,27383.0
Hispanic drivers,A2,39.0,1085.0
White drivers,A3,139.0,38663.0
Black drivers,A3,112.0,18839.0
Hispanic drivers,A3,20.0,1458.0
White drivers,A4,547.0,59588.0
Black drivers,A4,342.0,23576.0
Hispanic drivers,A4,73.0,5227.0
White drivers,A5,397.0,46182.0
Black drivers,A5,426.0,33704.0
Hispanic drivers,A5,113.0,4585.0
White drivers,A6,250.0,32536.0
Black drivers,A6,93.0,10791.0
Hispanic drivers,A6,25.0,1971.0
White drivers,A7,348.0,26367.0
Black drivers,A7,189.0,13114.0
Hispanic drivers,A7,109.0,3727.0
White drivers,A8,1049.0,38347.0
Black drivers,A8,144.0,4925.0
Hispanic drivers,A8,59.0,1575.0
White drivers,A9,0.0,437.0
Black drivers,A9,0.0,247.0
Hispanic drivers,A9,1.0,9.0
White drivers,B1,95.0,11192.0
Black drivers,B1,78.0,9150.0
Hispanic drivers,B1,16.0,1237.0
White drivers,B2,203.0,21947.0
Black drivers,B2,195.0,13557.0
Hispanic drivers,B2,360.0,10450.0
White drivers,B3,630.0,33575.0
Black drivers,B3,204.0,8353.0
Hispanic drivers,B3,87.0,2383.0
White drivers,B4,514.0,47325.0
Black drivers,B4,291.0,19004.0
Hispanic drivers,B4,257.0,10073.0
White drivers,B5,191.0,51871.0
Black drivers,B5,177.0,28985.0
Hispanic drivers,B5,38.0,5275.0
White drivers,B6,1340.0,76372.0
Black drivers,B6,224.0,17987.0
Hispanic drivers,B6,130.0,4334.0
White drivers,B7,164.0,24132.0
Black drivers,B7,352.0,20356.0
Hispanic drivers,B7,174.0,7728.0
White drivers,B8,461.0,52036.0
Black drivers,B8,448.0,36175.0
Hispanic drivers,B8,114.0,7660.0
White drivers,C1,288.0,32182.0
Black drivers,C1,527.0,35359.0
Hispanic drivers,C1,81.0,3803.0
White drivers,C2,268.0,17815.0
Black drivers,C2,164.0,10327.0
Hispanic drivers,C2,167.0,5118.0
White drivers,C3,627.0,74289.0
Black drivers,C3,369.0,47620.0
Hispanic drivers,C3,162.0,11947.0
White drivers,C4,346.0,28577.0
Black drivers,C4,770.0,29797.0
Hispanic drivers,C4,128.0,4634.0
White drivers,C5,143.0,17945.0
Black drivers,C5,159.0,15012.0
Hispanic drivers,C5,100.0,4484.0
White drivers,C6,443.0,47286.0
Black drivers,C6,206.0,20186.0
Hispanic drivers,C6,258.0,8006.0
White drivers,C7,487.0,26369.0
Black drivers,C7,749.0,27907.0
Hispanic drivers,C7,634.0,6618.0
White drivers,C8,78.0,23474.0
Black drivers,C8,222.0,27658.0
Hispanic drivers,C8,10.0,1928.0
White drivers,D1,131.0,28138.0
Black drivers,D1,71.0,11878.0
Hispanic drivers,D1,42.0,6001.0
White drivers,D2,857.0,44604.0
Black drivers,D2,753.0,35943.0
Hispanic drivers,D2,256.0,5542.0
White drivers,D3,399.0,30282.0
Black drivers,D3,169.0,10575.0
Hispanic drivers,D3,75.0,2451.0
White drivers,D4,110.0,15349.0
Black drivers,D4,76.0,7670.0
Hispanic drivers,D4,9.0,1054.0
White drivers,D5,290.0,33162.0
Black drivers,D5,143.0,16209.0
Hispanic drivers,D5,71.0,3691.0
White drivers,D6,539.0,55224.0
Black drivers,D6,171.0,15022.0
Hispanic drivers,D6,165.0,7179.0
White drivers,D7,154.0,37769.0
Black drivers,D7,117.0,19533.0
Hispanic drivers,D7,45.0,4972.0
White drivers,E1,461.0,44446.0
Black drivers,E1,138.0,13079.0
Hispanic drivers,E1,83.0,4022.0
White drivers,E2,285.0,30835.0
Black drivers,E2,116.0,9166.0
Hispanic drivers,E2,53.0,3174.0
White drivers,E3,643.0,46589.0
Black drivers,E3,239.0,20639.0
Hispanic drivers,E3,73.0,4427.0
White drivers,E4,470.0,50016.0
Black drivers,E4,182.0,17500.0
Hispanic drivers,E4,99.0,5626.0
White drivers,E5,461.0,57309.0
Black drivers,E5,60.0,7306.0
Hispanic drivers,E5,57.0,5419.0
White drivers,E6,412.0,40269.0
Black drivers,E6,199.0,19194.0
Hispanic drivers,E6,80.0,4179.0
White drivers,E7,305.0,36475.0
Black drivers,E7,60.0,6342.0
Hispanic drivers,E7,49.0,3706.0
White drivers,F1,122.0,41884.0
Black drivers,F1,18.0,4092.0
Hispanic drivers,F1,18.0,2110.0
White drivers,F2,71.0,71734.0
Black drivers,F2,9.0,4425.0
Hispanic drivers,F2,11.0,5792.0
White drivers,F3,195.0,65727.0
Black drivers,F3,18.0,3795.0
Hispanic drivers,F3,19.0,2361.0
White drivers,F4,675.0,84959.0
Black drivers,F4,113.0,16057.0
Hispanic drivers,F4,70.0,6579.0
White drivers,F5,652.0,85722.0
Black drivers,F5,91.0,12644.0
Hispanic drivers,F5,90.0,9177.0
White drivers,G1,83.0,45276.0
Black drivers,G1,5.0,1658.0
Hispanic drivers,G1,9.0,2303.0
White drivers,G2,321.0,50034.0
Black drivers,G2,60.0,6305.0
Hispanic drivers,G2,44.0,2711.0
White drivers,G3,249.0,63204.0
Black drivers,G3,28.0,8177.0
Hispanic drivers,G3,40.0,6480.0
White drivers,G4,826.0,52479.0
Black drivers,G4,94.0,5412.0
Hispanic drivers,G4,78.0,3286.0
White drivers,G5,191.0,53548.0
Black drivers,G5,11.0,5605.0
Hispanic drivers,G5,28.0,3437.0
White drivers,G6,747.0,60208.0
Black drivers,G6,28.0,2095.0
Hispanic drivers,G6,34.0,2638.0
White drivers,H1,686.0,35800.0
Black drivers,H1,322.0,13319.0
Hispanic drivers,H1,72.0,2674.0
White drivers,H2,395.0,21252.0
Black drivers,H2,500.0,14314.0
Hispanic drivers,H2,102.0,1692.0
White drivers,H3,488.0,42451.0
Black drivers,H3,303.0,22571.0
Hispanic drivers,H3,81.0,4524.0
White drivers,H4,396.0,26765.0
Black drivers,H4,229.0,11107.0
Hispanic drivers,H4,23.0,1598.0
White drivers,H5,743.0,64411.0
Black drivers,H5,628.0,50071.0
Hispanic drivers,H5,214.0,9375.0
White drivers,H6,65.0,19760.0
Black drivers,H6,85.0,11112.0
Hispanic drivers,H6,26.0,3058.0
White drivers,39001,102.0,17219.0
Black drivers,39001,1.0,569.0
Hispanic drivers,39001,0.0,88.0
White drivers,39003,167.0,52831.0
Black drivers,39003,129.0,12266.0
Hispanic drivers,39003,5.0,977.0
White drivers,39005,125.0,63468.0
Black drivers,39005,75.0,9857.0
Hispanic drivers,39005,5.0,1269.0
White drivers,39007,243.0,48232.0
Black drivers,39007,56.0,3561.0
Hispanic drivers,39007,13.0,1357.0
White drivers,39009,316.0,56084.0
Black drivers,39009,46.0,4031.0
Hispanic drivers,39009,2.0,518.0
White drivers,39011,74.0,49861.0
Black drivers,39011,27.0,5988.0
Hispanic drivers,39011,2.0,756.0
White drivers,39013,357.0,57247.0
Black drivers,39013,43.0,4270.0
Hispanic drivers,39013,0.0,655.0
White drivers,39015,202.0,40834.0
Black drivers,39015,6.0,1356.0
Hispanic drivers,39015,1.0,249.0
White drivers,39017,722.0,68337.0
Black drivers,39017,328.0,15525.0
Hispanic drivers,39017,51.0,2524.0
White drivers,39019,20.0,7427.0
Black drivers,39019,3.0,139.0
Hispanic drivers,39019,0.0,82.0
White drivers,39021,19.0,7283.0
Black drivers,39021,4.0,392.0
Hispanic drivers,39021,0.0,54.0
White drivers,39023,277.0,37591.0
Black drivers,39023,189.0,8964.0
Hispanic drivers,39023,13.0,1012.0
White drivers,39025,584.0,84290.0
Black drivers,39025,51.0,3731.0
Hispanic drivers,39025,8.0,804.0
White drivers,39027,147.0,43593.0
Black drivers,39027,20.0,6470.0
Hispanic drivers,39027,6.0,1294.0
White drivers,39029,159.0,48859.0
Black drivers,39029,32.0,2478.0
Hispanic drivers,39029,1.0,384.0
White drivers,39031,11.0,9334.0
Black drivers,39031,0.0,350.0
Hispanic drivers,39031,0.0,39.0
White drivers,39033,202.0,38672.0
Black drivers,39033,27.0,2281.0
Hispanic drivers,39033,1.0,415.0
White drivers,39035,785.0,88524.0
Black drivers,39035,1485.0,44983.0
Hispanic drivers,39035,103.0,5832.0
White drivers,39037,13.0,7629.0
Black drivers,39037,1.0,183.0
Hispanic drivers,39037,0.0,56.0
White drivers,39039,43.0,34575.0
Black drivers,39039,5.0,2592.0
Hispanic drivers,39039,6.0,1793.0
White drivers,39041,180.0,71038.0
Black drivers,39041,62.0,10270.0
Hispanic drivers,39041,12.0,1689.0
White drivers,39043,179.0,75465.0
Black drivers,39043,123.0,13486.0
Hispanic drivers,39043,11.0,2770.0
White drivers,39045,411.0,60402.0
Black drivers,39045,62.0,5279.0
Hispanic drivers,39045,2.0,611.0
White drivers,39047,33.0,12071.0
Black drivers,39047,9.0,1862.0
Hispanic drivers,39047,0.0,256.0
White drivers,39049,968.0,126407.0
Black drivers,39049,631.0,48500.0
Hispanic drivers,39049,153.0,6695.0
White drivers,39051,50.0,33383.0
Black drivers,39051,8.0,4086.0
Hispanic drivers,39051,5.0,2294.0
White drivers,39053,430.0,44139.0
Black drivers,39053,54.0,4273.0
Hispanic drivers,39053,3.0,512.0
White drivers,39055,36.0,23277.0
Black drivers,39055,10.0,1587.0
Hispanic drivers,39055,0.0,218.0
White drivers,39057,133.0,52105.0
Black drivers,39057,81.0,9777.0
Hispanic drivers,39057,4.0,839.0
White drivers,39059,306.0,58516.0
Black drivers,39059,68.0,7534.0
Hispanic drivers,39059,7.0,1703.0
White drivers,39061,389.0,100455.0
Black drivers,39061,378.0,28350.0
Hispanic drivers,39061,16.0,2459.0
White drivers,39063,134.0,54247.0
Black drivers,39063,108.0,7583.0
Hispanic drivers,39063,15.0,1664.0
White drivers,39065,38.0,10410.0
Black drivers,39065,6.0,594.0
Hispanic drivers,39065,0.0,138.0
White drivers,39067,42.0,16357.0
Black drivers,39067,9.0,680.0
Hispanic drivers,39067,0.0,233.0
White drivers,39069,6.0,9274.0
Black drivers,39069,0.0,490.0
Hispanic drivers,39069,3.0,483.0
White drivers,39071,156.0,17598.0
Black drivers,39071,6.0,478.0
Hispanic drivers,39071,0.0,51.0
White drivers,39073,82.0,13933.0
Black drivers,39073,15.0,750.0
Hispanic drivers,39073,0.0,98.0
White drivers,39075,9.0,6959.0
Black drivers,39075,0.0,79.0
Hispanic drivers,39075,0.0,39.0
White drivers,39077,100.0,38230.0
Black drivers,39077,10.0,1617.0
Hispanic drivers,39077,2.0,899.0
White drivers,39079,480.0,56479.0
Black drivers,39079,113.0,5121.0
Hispanic drivers,39079,4.0,798.0
White drivers,39081,405.0,38115.0
Black drivers,39081,133.0,3297.0
Hispanic drivers,39081,0.0,267.0
White drivers,39083,76.0,29143.0
Black drivers,39083,1.0,686.0
Hispanic drivers,39083,0.0,171.0
White drivers,39085,196.0,41608.0
Black drivers,39085,73.0,3712.0
Hispanic drivers,39085,8.0,1271.0
White drivers,39087,646.0,49418.0
Black drivers,39087,43.0,2170.0
Hispanic drivers,39087,0.0,264.0
White drivers,39089,502.0,68794.0
Black drivers,39089,69.0,7819.0
Hispanic drivers,39089,3.0,1263.0
White drivers,39091,87.0,25593.0
Black drivers,39091,16.0,2217.0
Hispanic drivers,39091,2.0,340.0
White drivers,39093,645.0,92077.0
Black drivers,39093,509.0,21801.0
Hispanic drivers,39093,98.0,8705.0
White drivers,39095,722.0,99894.0
Black drivers,39095,699.0,29613.0
Hispanic drivers,39095,71.0,5776.0
White drivers,39097,165.0,51066.0
Black drivers,39097,55.0,9387.0
Hispanic drivers,39097,14.0,1914.0
White drivers,39099,305.0,99283.0
Black drivers,39099,253.0,20454.0
Hispanic drivers,39099,21.0,2548.0
White drivers,39101,462.0,58218.0
Black drivers,39101,108.0,5877.0
Hispanic drivers,39101,11.0,831.0
White drivers,39103,125.0,58815.0
Black drivers,39103,80.0,10263.0
Hispanic drivers,39103,9.0,2264.0
White drivers,39105,84.0,25914.0
Black drivers,39105,10.0,2363.0
Hispanic drivers,39105,0.0,294.0
White drivers,39107,22.0,22376.0
Black drivers,39107,3.0,784.0
Hispanic drivers,39107,0.0,262.0
White drivers,39109,155.0,40515.0
Black drivers,39109,58.0,6051.0
Hispanic drivers,39109,3.0,618.0
White drivers,39111,7.0,3465.0
Black drivers,39111,0.0,45.0
Hispanic drivers,39111,0.0,24.0
White drivers,39113,647.0,63930.0
Black drivers,39113,412.0,25356.0
Hispanic drivers,39113,13.0,1660.0
White drivers,39115,4.0,2413.0
Black drivers,39115,1.0,66.0
Hispanic drivers,39115,0.0,2.0
White drivers,39117,130.0,41340.0
Black drivers,39117,34.0,5364.0
Hispanic drivers,39117,2.0,678.0
White drivers,39119,214.0,54980.0
Black drivers,39119,56.0,5515.0
Hispanic drivers,39119,5.0,754.0
White drivers,39121,29.0,8510.0
Black drivers,39121,4.0,609.0
Hispanic drivers,39121,1.0,78.0
White drivers,39123,44.0,22998.0
Black drivers,39123,19.0,2381.0
Hispanic drivers,39123,4.0,664.0
White drivers,39125,23.0,16996.0
Black drivers,39125,5.0,1519.0
Hispanic drivers,39125,1.0,600.0
White drivers,39127,49.0,6045.0
Black drivers,39127,0.0,103.0
Hispanic drivers,39127,0.0,11.0
White drivers,39129,368.0,47883.0
Black drivers,39129,44.0,4244.0
Hispanic drivers,39129,13.0,489.0
White drivers,39131,188.0,19629.0
Black drivers,39131,21.0,898.0
Hispanic drivers,39131,2.0,106.0
White drivers,39133,315.0,97560.0
Black drivers,39133,124.0,12415.0
Hispanic drivers,39133,4.0,1544.0
White drivers,39135,112.0,24270.0
Black drivers,39135,28.0,3365.0
Hispanic drivers,39135,24.0,1675.0
White drivers,39137,8.0,6007.0
Black drivers,39137,1.0,192.0
Hispanic drivers,39137,2.0,204.0
White drivers,39139,558.0,72857.0
Black drivers,39139,254.0,11756.0
Hispanic drivers,39139,12.0,1106.0
White drivers,39141,483.0,53340.0
Black drivers,39141,80.0,3999.0
Hispanic drivers,39141,2.0,386.0
White drivers,39143,131.0,78702.0
Black drivers,39143,101.0,11749.0
Hispanic drivers,39143,18.0,4349.0
White drivers,39145,935.0,59266.0
Black drivers,39145,159.0,2788.0
Hispanic drivers,39145,5.0,311.0
White drivers,39147,43.0,16135.0
Black drivers,39147,8.0,855.0
Hispanic drivers,39147,5.0,380.0
White drivers,39149,53.0,23346.0
Black drivers,39149,27.0,3638.0
Hispanic drivers,39149,2.0,373.0
White drivers,39151,485.0,65138.0
Black drivers,39151,342.0,11626.0
Hispanic drivers,39151,12.0,907.0
White drivers,39153,342.0,69227.0
Black drivers,39153,286.0,18102.0
Hispanic drivers,39153,4.0,1679.0
White drivers,39155,483.0,93935.0
Black drivers,39155,328.0,18582.0
Hispanic drivers,39155,12.0,2515.0
White drivers,39157,144.0,52867.0
Black drivers,39157,27.0,3014.0
Hispanic drivers,39157,3.0,791.0
White drivers,39159,118.0,29407.0
Black drivers,39159,15.0,2610.0
Hispanic drivers,39159,2.0,450.0
White drivers,39161,18.0,30268.0
Black drivers,39161,4.0,1903.0
Hispanic drivers,39161,0.0,654.0
White drivers,39163,120.0,14500.0
Black drivers,39163,3.0,299.0
Hispanic drivers,39163,0.0,49.0
White drivers,39165,342.0,80593.0
Black drivers,39165,145.0,13597.0
Hispanic drivers,39165,20.0,2397.0
White drivers,39167,161.0,53807.0
Black drivers,39167,29.0,3251.0
Hispanic drivers,39167,5.0,573.0
White drivers,39169,184.0,57810.0
Black drivers,39169,43.0,4010.0
Hispanic drivers,39169,6.0,955.0
White drivers,39171,44.0,39302.0
Black drivers,39171,9.0,2907.0
Hispanic drivers,39171,5.0,1786.0
White drivers,39173,230.0,65294.0
Black drivers,39173,189.0,13732.0
Hispanic drivers,39173,28.0,3022.0
White drivers,39175,78.0,33454.0
Black drivers,39175,37.0,4760.0
Hispanic drivers,39175,0.0,615.0
White drivers,Zone K1,150.0,7345.0
Black drivers,Zone K1,36.0,969.0
Hispanic drivers,Zone K1,33.0,631.0
White drivers,Zone K2,741.0,39535.0
Black drivers,Zone K2,207.0,6988.0
Hispanic drivers,Zone K2,284.0,5915.0
White drivers,Zone K3,935.0,38197.0
Black drivers,Zone K3,297.0,8058.0
Hispanic drivers,Zone K3,280.0,6476.0
White drivers,Zone X1,134.0,4940.0
Black drivers,Zone X1,52.0,854.0
Hispanic drivers,Zone X1,86.0,1100.0
White drivers,Zone X3,700.0,33520.0
Black drivers,Zone X3,413.0,7291.0
Hispanic drivers,Zone X3,458.0,8075.0
White drivers,Zone X4,1031.0,36271.0
Black drivers,Zone X4,682.0,11820.0
Hispanic drivers,Zone X4,757.0,11706.0
White drivers,45001,150.0,11895.0
Black drivers,45001,159.0,7319.0
Hispanic drivers,45001,6.0,269.0
White drivers,45003,2100.0,69390.0
Black drivers,45003,1245.0,41437.0
Hispanic drivers,45003,374.0,5447.0
White drivers,45005,32.0,5262.0
Black drivers,45005,183.0,8262.0
Hispanic drivers,45005,10.0,210.0
White drivers,45007,3271.0,140741.0
Black drivers,45007,1322.0,42440.0
Hispanic drivers,45007,254.0,5930.0
White drivers,45009,96.0,11248.0
Black drivers,45009,350.0,13630.0
Hispanic drivers,45009,11.0,236.0
White drivers,45011,239.0,14992.0
Black drivers,45011,436.0,14194.0
Hispanic drivers,45011,31.0,369.0
White drivers,45013,1198.0,47626.0
Black drivers,45013,380.0,21766.0
Hispanic drivers,45013,575.0,6537.0
White drivers,45015,1295.0,49169.0
Black drivers,45015,566.0,26711.0
Hispanic drivers,45015,247.0,3815.0
White drivers,45017,128.0,8176.0
Black drivers,45017,218.0,8081.0
Hispanic drivers,45017,38.0,425.0
White drivers,45019,758.0,30330.0
Black drivers,45019,590.0,23913.0
Hispanic drivers,45019,265.0,3206.0
White drivers,45021,1321.0,69320.0
Black drivers,45021,626.0,25731.0
Hispanic drivers,45021,135.0,3043.0
White drivers,45023,726.0,36245.0
Black drivers,45023,682.0,26320.0
Hispanic drivers,45023,91.0,1238.0
White drivers,45025,423.0,24858.0
Black drivers,45025,305.0,13662.0
Hispanic drivers,45025,34.0,798.0
White drivers,45029,254.0,26378.0
Black drivers,45029,195.0,14484.0
Hispanic drivers,45029,54.0,1282.0
White drivers,45031,1227.0,42862.0
Black drivers,45031,1403.0,30266.0
Hispanic drivers,45031,58.0,1068.0
White drivers,45035,718.0,52578.0
Black drivers,45035,496.0,34084.0
Hispanic drivers,45035,70.0,4667.0
White drivers,45037,284.0,14007.0
Black drivers,45037,357.0,13290.0
Hispanic drivers,45037,91.0,850.0
White drivers,45039,294.0,19697.0
Black drivers,45039,415.0,22707.0
Hispanic drivers,45039,60.0,803.0
White drivers,45041,1996.0,68076.0
Black drivers,45041,1997.0,53941.0
Hispanic drivers,45041,152.0,3158.0
White drivers,45043,990.0,38354.0
Black drivers,45043,404.0,20140.0
Hispanic drivers,45043,76.0,1203.0
White drivers,45045,2505.0,206453.0
Black drivers,45045,1394.0,78152.0
Hispanic drivers,45045,833.0,22947.0
White drivers,45047,1127.0,52198.0
Black drivers,45047,1025.0,34499.0
Hispanic drivers,45047,159.0,2754.0
White drivers,45049,147.0,9324.0
Black drivers,45049,313.0,11457.0
Hispanic drivers,45049,11.0,224.0
White drivers,45051,5534.0,209856.0
Black drivers,45051,1597.0,51430.0
Hispanic drivers,45051,1364.0,9239.0
White drivers,45053,330.0,19220.0
Black drivers,45053,219.0,16412.0
Hispanic drivers,45053,288.0,3426.0
White drivers,45055,747.0,45876.0
Black drivers,45055,599.0,29800.0
Hispanic drivers,45055,158.0,2135.0
White drivers,45057,977.0,47153.0
Black drivers,45057,548.0,20250.0
Hispanic drivers,45057,113.0,1947.0
White drivers,45059,650.0,55152.0
Black drivers,45059,529.0,27784.0
Hispanic drivers,45059,199.0,2930.0
White drivers,45061,100.0,12086.0
Black drivers,45061,242.0,15317.0
Hispanic drivers,45061,13.0,491.0
White drivers,45063,2270.0,115726.0
Black drivers,45063,973.0,48172.0
Hispanic drivers,45063,340.0,6340.0
White drivers,45065,50.0,4214.0
Black drivers,45065,89.0,4139.0
Hispanic drivers,45065,0.0,86.0
White drivers,45067,299.0,24023.0
Black drivers,45067,406.0,17529.0
Hispanic drivers,45067,58.0,944.0
White drivers,45069,271.0,13575.0
Black drivers,45069,396.0,10980.0
Hispanic drivers,45069,7.0,306.0
White drivers,45071,536.0,34613.0
Black drivers,45071,478.0,22394.0
Hispanic drivers,45071,147.0,2143.0
White drivers,45073,450.0,54761.0
Black drivers,45073,62.0,6167.0
Hispanic drivers,45073,39.0,2158.0
White drivers,45075,741.0,35444.0
Black drivers,45075,2031.0,67042.0
Hispanic drivers,45075,128.0,1921.0
White drivers,45077,737.0,67796.0
Black drivers,45077,120.0,7311.0
Hispanic drivers,45077,66.0,2538.0
White drivers,45079,1570.0,88686.0
Black drivers,45079,2754.0,108896.0
Hispanic drivers,45079,582.0,6572.0
White drivers,45081,402.0,18187.0
Black drivers,45081,310.0,11683.0
Hispanic drivers,45081,283.0,2979.0
White drivers,45083,1621.0,155846.0
Black drivers,45083,663.0,53430.0
Hispanic drivers,45083,334.0,10371.0
White drivers,45085,855.0,32370.0
Black drivers,45085,2220.0,44119.0
Hispanic drivers,45085,216.0,1430.0
White drivers,45087,182.0,14830.0
Black drivers,45087,135.0,8553.0
Hispanic drivers,45087,9.0,246.0
White drivers,45089,281.0,9800.0
Black drivers,45089,957.0,20260.0
Hispanic drivers,45089,15.0,183.0
White drivers,45091,2154.0,137736.0
Black drivers,45091,854.0,56307.0
Hispanic drivers,45091,225.0,5976.0
White drivers,50001,208.0,20287.0
Black drivers,50001,5.0,315.0
Hispanic drivers,50001,1.0,168.0
White drivers,50003,143.0,19870.0
Black drivers,50003,9.0,372.0
Hispanic drivers,50003,0.0,181.0
White drivers,50005,109.0,14226.0
Black drivers,50005,3.0,174.0
Hispanic drivers,50005,0.0,95.0
White drivers,50007,281.0,22579.0
Black drivers,50007,13.0,625.0
Hispanic drivers,50007,4.0,240.0
White drivers,50009,11.0,1100.0
Black drivers,50009,0.0,5.0
Hispanic drivers,50009,0.0,2.0
White drivers,50011,418.0,17609.0
Black drivers,50011,7.0,282.0
Hispanic drivers,50011,6.0,95.0
White drivers,50015,190.0,8236.0
Black drivers,50015,5.0,85.0
Hispanic drivers,50015,0.0,37.0
White drivers,50017,185.0,22342.0
Black drivers,50017,4.0,398.0
Hispanic drivers,50017,5.0,225.0
White drivers,50019,21.0,9623.0
Black drivers,50019,0.0,73.0
Hispanic drivers,50019,1.0,45.0
White drivers,50021,240.0,20102.0
Black drivers,50021,18.0,383.0
Hispanic drivers,50021,1.0,119.0
White drivers,50023,308.0,22615.0
Black drivers,50023,4.0,563.0
Hispanic drivers,50023,1.0,247.0
White drivers,50025,440.0,32085.0
Black drivers,50025,31.0,1099.0
Hispanic drivers,50025,15.0,619.0
White drivers,50027,248.0,31901.0
Black drivers,50027,17.0,921.0
Hispanic drivers,50027,4.0,355.0
White drivers,55001,7.0,616.0
Black drivers,55001,0.0,10.0
Hispanic drivers,55001,0.0,19.0
White drivers,55003,30.0,2710.0
Black drivers,55003,1.0,31.0
Hispanic drivers,55003,0.0,20.0
White drivers,55005,137.0,8672.0
Black drivers,55005,4.0,122.0
Hispanic drivers,55005,9.0,132.0
White drivers,55007,37.0,5085.0
Black drivers,55007,1.0,46.0
Hispanic drivers,55007,0.0,28.0
White drivers,55009,261.0,14551.0
Black drivers,55009,28.0,648.0
Hispanic drivers,55009,42.0,772.0
White drivers,55011,39.0,7152.0
Black drivers,55011,3.0,69.0
Hispanic drivers,55011,6.0,99.0
White drivers,55013,83.0,4416.0
Black drivers,55013,3.0,45.0
Hispanic drivers,55013,2.0,27.0
White drivers,55015,17.0,814.0
Black drivers,55015,0.0,19.0
Hispanic drivers,55015,1.0,33.0
White drivers,55017,95.0,15393.0
Black drivers,55017,7.0,220.0
Hispanic drivers,55017,2.0,182.0
White drivers,55019,29.0,4689.0
Black drivers,55019,0.0,71.0
Hispanic drivers,55019,6.0,91.0
White drivers,55021,387.0,20547.0
Black drivers,55021,108.0,1842.0
Hispanic drivers,55021,57.0,1231.0
White drivers,55023,38.0,6689.0
Black drivers,55023,2.0,73.0
Hispanic drivers,55023,1.0,46.0
White drivers,55025,578.0,40729.0
Black drivers,55025,232.0,5388.0
Hispanic drivers,55025,87.0,2948.0
White drivers,55027,88.0,14254.0
Black drivers,55027,16.0,524.0
Hispanic drivers,55027,10.0,548.0
White drivers,55029,7.0,1931.0
Black drivers,55029,0.0,22.0
Hispanic drivers,55029,2.0,48.0
White drivers,55031,269.0,17064.0
Black drivers,55031,15.0,310.0
Hispanic drivers,55031,2.0,150.0
White drivers,55033,314.0,25184.0
Black drivers,55033,76.0,2349.0
Hispanic drivers,55033,17.0,945.0
White drivers,55035,349.0,28488.0
Black drivers,55035,75.0,2286.0
Hispanic drivers,55035,12.0,935.0
White drivers,55039,159.0,20561.0
Black drivers,55039,56.0,1521.0
Hispanic drivers,55039,12.0,890.0
White drivers,55041,44.0,2028.0
Black drivers,55041,0.0,9.0
Hispanic drivers,55041,0.0,18.0
White drivers,55043,171.0,13558.0
Black drivers,55043,10.0,242.0
Hispanic drivers,55043,4.0,162.0
White drivers,55045,26.0,7291.0
Black drivers,55045,2.0,190.0
Hispanic drivers,55045,0.0,198.0
White drivers,55047,12.0,1360.0
Black drivers,55047,3.0,23.0
Hispanic drivers,55047,0.0,38.0
White drivers,55049,64.0,8352.0
Black drivers,55049,5.0,184.0
Hispanic drivers,55049,4.0,118.0
White drivers,55051,5.0,2126.0
Black drivers,55051,0.0,9.0
Hispanic drivers,55051,1.0,21.0
White drivers,55053,212.0,21967.0
Black drivers,55053,36.0,1980.0
Hispanic drivers,55053,17.0,927.0
White drivers,55055,247.0,23382.0
Black drivers,55055,82.0,3122.0
Hispanic drivers,55055,32.0,1516.0
White drivers,55057,199.0,18580.0
Black drivers,55057,32.0,1933.0
Hispanic drivers,55057,15.0,774.0
White drivers,55059,294.0,20556.0
Black drivers,55059,163.0,4072.0
Hispanic drivers,55059,86.0,2968.0
White drivers,55061,4.0,753.0
Black drivers,55061,0.0,9.0
Hispanic drivers,55061,0.0,16.0
White drivers,55063,333.0,19471.0
Black drivers,55063,39.0,997.0
Hispanic drivers,55063,14.0,584.0
White drivers,55065,24.0,4477.0
Black drivers,55065,2.0,103.0
Hispanic drivers,55065,3.0,113.0
White drivers,55067,13.0,1661.0
Black drivers,55067,0.0,5.0
Hispanic drivers,55067,1.0,29.0
White drivers,55069,59.0,4994.0
Black drivers,55069,2.0,34.0
Hispanic drivers,55069,2.0,37.0
White drivers,55071,68.0,12723.0
Black drivers,55071,6.0,791.0
Hispanic drivers,55071,7.0,567.0
White drivers,55073,306.0,20976.0
Black drivers,55073,20.0,361.0
Hispanic drivers,55073,28.0,397.0
White drivers,55075,15.0,3190.0
Black drivers,55075,0.0,32.0
Hispanic drivers,55075,1.0,53.0
White drivers,55077,97.0,7379.0
Black drivers,55077,2.0,158.0
Hispanic drivers,55077,4.0,175.0
White drivers,55079,125.0,4733.0
Black drivers,55079,115.0,2037.0
Hispanic drivers,55079,49.0,856.0
White drivers,55081,285.0,31315.0
Black drivers,55081,64.0,2315.0
Hispanic drivers,55081,31.0,1157.0
White drivers,55083,171.0,10061.0
Black drivers,55083,4.0,99.0
Hispanic drivers,55083,4.0,131.0
White drivers,55085,171.0,8693.0
Black drivers,55085,7.0,56.0
Hispanic drivers,55085,2.0,77.0
White drivers,55087,179.0,11119.0
Black drivers,55087,13.0,335.0
Hispanic drivers,55087,19.0,455.0
White drivers,55089,44.0,8667.0
Black drivers,55089,17.0,1120.0
Hispanic drivers,55089,12.0,629.0
White drivers,55091,14.0,1114.0
Black drivers,55091,0.0,11.0
Hispanic drivers,55091,3.0,16.0
White drivers,55093,16.0,2241.0
Black drivers,55093,0.0,30.0
Hispanic drivers,55093,1.0,16.0
White drivers,55095,118.0,6244.0
Black drivers,55095,5.0,80.0
Hispanic drivers,55095,3.0,89.0
White drivers,55097,262.0,14195.0
Black drivers,55097,8.0,263.0
Hispanic drivers,55097,24.0,523.0
White drivers,55099,17.0,2159.0
Black drivers,55099,0.0,9.0
Hispanic drivers,55099,0.0,10.0
White drivers,55101,267.0,16875.0
Black drivers,55101,209.0,4157.0
Hispanic drivers,55101,123.0,2460.0
White drivers,55103,27.0,3565.0
Black drivers,55103,2.0,41.0
Hispanic drivers,55103,0.0,64.0
White drivers,55105,326.0,19769.0
Black drivers,55105,156.0,2991.0
Hispanic drivers,55105,51.0,1857.0
White drivers,55107,46.0,4800.0
Black drivers,55107,0.0,30.0
Hispanic drivers,55107,0.0,35.0
White drivers,55109,300.0,25665.0
Black drivers,55109,61.0,1947.0
Hispanic drivers,55109,11.0,959.0
White drivers,55111,229.0,16635.0
Black drivers,55111,37.0,1251.0
Hispanic drivers,55111,39.0,1001.0
White drivers,55113,35.0,2913.0
Black drivers,55113,1.0,7.0
Hispanic drivers,55113,1.0,18.0
White drivers,55115,137.0,13566.0
Black drivers,55115,9.0,161.0
Hispanic drivers,55115,12.0,257.0
White drivers,55117,119.0,6096.0
Black drivers,55117,23.0,416.0
Hispanic drivers,55117,15.0,374.0
White drivers,55119,26.0,1718.0
Black drivers,55119,0.0,4.0
Hispanic drivers,55119,2.0,26.0
White drivers,55121,131.0,12847.0
Black drivers,55121,27.0,886.0
Hispanic drivers,55121,25.0,698.0
White drivers,55123,13.0,1310.0
Black drivers,55123,0.0,22.0
Hispanic drivers,55123,0.0,17.0
White drivers,55125,38.0,5689.0
Black drivers,55125,2.0,37.0
Hispanic drivers,55125,0.0,30.0
White drivers,55127,61.0,8347.0
Black drivers,55127,20.0,643.0
Hispanic drivers,55127,17.0,563.0
White drivers,55129,51.0,4885.0
Black drivers,55129,2.0,43.0
Hispanic drivers,55129,0.0,35.0
White drivers,55131,43.0,4722.0
Black drivers,55131,6.0,337.0
Hispanic drivers,55131,5.0,211.0
White drivers,55133,273.0,14201.0
Black drivers,55133,99.0,2171.0
Hispanic drivers,55133,66.0,1279.0
White drivers,55135,113.0,8164.0
Black drivers,55135,3.0,88.0
Hispanic drivers,55135,8.0,167.0
White drivers,55137,116.0,6632.0
Black drivers,55137,7.0,235.0
Hispanic drivers,55137,19.0,301.0
White drivers,55139,225.0,22034.0
Black drivers,55139,35.0,888.0
Hispanic drivers,55139,23.0,804.0
White drivers,55141,165.0,5789.0
Black drivers,55141,8.0,82.0
Hispanic drivers,55141,4.0,137.0
